reaction_id,flux_slow,flux_fast,flux_ratio,DRF_category,Formula,Pathways_list,Pathways,Pathway_Groups_list,Pathway Groups
2HBO,-0.0279101635042464,-0.0006002829215696,0.021507682012621307,Decreased,2-Hydroxybutyrate + Nicotinamide adenine dinucleotide <==> 2-Oxobutanoate + proton + Nicotinamide adenine dinucleotide - reduced,['Propanoate Metabolism'],Propanoate Metabolism,['Propanoate Metabolism'],Propanoate Metabolism
2HBt2,-0.0279101635042464,-0.0006002829215722,0.021507682012714465,Decreased,2 Hydroxybutyrate C4H7O3 + proton <==> 2-Hydroxybutyrate + proton,['Extracellular Transport'],Extracellular Transport,['Extracellular Transport'],Extracellular Transport
2OXOADOXm,0.0369027184926626,0.0369027184927639,1.0000000000027451,Unchanged,2-oxoadipate(2-) + Coenzyme A + Nicotinamide adenine dinucleotide --> carbon dioxide + glutaryl-CoA(5-) + Nicotinamide adenine dinucleotide - reduced,"['2-oxocarboxylic Acid Metabolism', 'Lysine Metabolism', 'Tryptophan Metabolism']",2-oxocarboxylic Acid Metabolism; Lysine Metabolism; Tryptophan Metabolism,"['2-oxocarboxylic Acid Metabolism', 'Lysine Metabolism', 'AAA metabolism (Trp/Phe/Tyr)']",2-oxocarboxylic Acid Metabolism; Lysine Metabolism; AAA metabolism (Trp/Phe/Tyr)
3DSPHR,0.0003670301294012,0.0,2000.0,Off,(2S)-1-hydroxy-3-oxooctadecan-2-aminium + proton + Nicotinamide adenine dinucleotide phosphate - reduced --> Nicotinamide adenine dinucleotide phosphate + sphinganine(1+),['Sphingolipid Metabolism'],Sphingolipid Metabolism,['Lipid metabolism'],Lipid metabolism
3DSPHRr,0.0,0.0003670301293981,1000.0,On,(2S)-1-hydroxy-3-oxooctadecan-2-aminium + proton + Nicotinamide adenine dinucleotide phosphate - reduced --> Nicotinamide adenine dinucleotide phosphate + sphinganine(1+),['Sphingolipid Metabolism'],Sphingolipid Metabolism,['Lipid metabolism'],Lipid metabolism
3HBCOAHLm,0.032576222209976,0.0325762222104225,1.0000000000137064,Unchanged,(S)-3-Hydroxyisobutyryl-CoA + Water --> 3-hydroxy-2-methylpropanoate + Coenzyme A + proton,"['Valine, Leucine And Isoleucine Biosynthesis', 'Valine, Leucine And Isoleucine Degradation']","Valine, Leucine And Isoleucine Biosynthesis; Valine, Leucine And Isoleucine Degradation",['BCAA metabolism (Val/Leu/Iso)'],BCAA metabolism (Val/Leu/Iso)
3HKYNAKGAT,0.0067350714781537,0.0067350714770896,0.999999999842006,Unchanged,"2-Oxoglutarate + 3-hydroxy-L-kynurenine --> 4-(2-Amino-3-hydroxyphenyl)-2,4-dioxobutanoate + L-glutamate(1-)",['Tryptophan Metabolism'],Tryptophan Metabolism,['AAA metabolism (Trp/Phe/Tyr)'],AAA metabolism (Trp/Phe/Tyr)
3MOBt2im,0.0325762222102904,8.581431429742402,263.4262307749006,Increased,3-methyl-2-oxobutanoate + proton --> 3-methyl-2-oxobutanoate + proton,"['Transport, Mitochondrial']","Transport, Mitochondrial",['Mitochondrial transport'],Mitochondrial transport
5MTHFt,-3.209929110704219,-1.8576403931383731,0.5787169526403746,Decreased,5-Methyltetrahydrofolate <==> 5-Methyltetrahydrofolate,['Extracellular Transport'],Extracellular Transport,['Extracellular Transport'],Extracellular Transport
5MTHFt2le,3.209929110704219,1.8576403931383731,0.5787169526403746,Decreased,5-Methyltetrahydrofolate + hydroxide ion <==> 5-Methyltetrahydrofolate + hydroxide ion,['Extracellular Transport'],Extracellular Transport,['Extracellular Transport'],Extracellular Transport
AACOAT,0.0369027184927787,0.036902718493602,1.00000000002231,Unchanged,acetoacetate + ATP + Coenzyme A --> Acetoacetyl-CoA + AMP + Diphosphate,"['Butanoate Metabolism', 'Valine, Leucine And Isoleucine Degradation']","Butanoate Metabolism; Valine, Leucine And Isoleucine Degradation","['AA other', 'BCAA metabolism (Val/Leu/Iso)']",AA other; BCAA metabolism (Val/Leu/Iso)
ACACT10m,0.0409643356480032,0.0409643356480734,1.0000000000017137,Unchanged,2-methylacetoacetyl-CoA(4-) + Coenzyme A <==> Acetyl-CoA + Propanoyl-CoA,"['Valine, Leucine And Isoleucine Biosynthesis', 'Valine, Leucine And Isoleucine Degradation']","Valine, Leucine And Isoleucine Biosynthesis; Valine, Leucine And Isoleucine Degradation",['BCAA metabolism (Val/Leu/Iso)'],BCAA metabolism (Val/Leu/Iso)
ACACT1r,-0.0369027184927787,-0.036902718493602,1.00000000002231,Unchanged,2.0 Acetyl-CoA <==> Acetoacetyl-CoA + Coenzyme A,"['Butanoate Metabolism', 'Fatty Acid Degradation', 'Fatty Acid Metabolism', 'Glyoxylate And Dicarboxylate Metabolism', 'Lysine Degradation', 'Pyruvate Metabolism', 'Terpenoid Backbone Biosynthesis', 'Tryptophan Metabolism', 'Valine, Leucine And Isoleucine Degradation']","Butanoate Metabolism; Fatty Acid Degradation; Fatty Acid Metabolism; Glyoxylate And Dicarboxylate Metabolism; Lysine Degradation; Pyruvate Metabolism; Terpenoid Backbone Biosynthesis; Tryptophan Metabolism; Valine, Leucine And Isoleucine Degradation","['AA other', 'Lipid metabolism', 'Glyoxylate And Dicarboxylate Metabolism', 'Central Energy Metabolism', 'Terpenoid Backbone Biosynthesis', 'AAA metabolism (Trp/Phe/Tyr)', 'BCAA metabolism (Val/Leu/Iso)']",AA other; Lipid metabolism; Glyoxylate And Dicarboxylate Metabolism; Central Energy Metabolism; Terpenoid Backbone Biosynthesis; AAA metabolism (Trp/Phe/Tyr); BCAA metabolism (Val/Leu/Iso)
ACCOAC,0.0645797573623627,0.0645797573634624,1.0000000000170286,Unchanged,Acetyl-CoA + ATP + Bicarbonate --> ADP + proton + Malonyl-CoA + hydrogenphosphate,"['Fatty Acid Biosynthesis', 'Fatty Acid Degradation', 'Fatty Acid Metabolism', 'Propanoate Metabolism', 'Pyruvate Metabolism']",Fatty Acid Biosynthesis; Fatty Acid Degradation; Fatty Acid Metabolism; Propanoate Metabolism; Pyruvate Metabolism,"['Lipid metabolism', 'Propanoate Metabolism', 'Central Energy Metabolism']",Lipid metabolism; Propanoate Metabolism; Central Energy Metabolism
ACONTm,0.7983403377775254,0.7605842227821292,0.9527067427151379,Unchanged,Citrate <==> Isocitrate,"['2-oxocarboxylic Acid Metabolism', 'Biosynthesis Of Amino Acids', 'Citric Acid Cycle']",2-oxocarboxylic Acid Metabolism; Biosynthesis Of Amino Acids; Citric Acid Cycle,"['2-oxocarboxylic Acid Metabolism', 'AA other', 'Central Energy Metabolism']",2-oxocarboxylic Acid Metabolism; AA other; Central Energy Metabolism
ADK1,0.2203334005657511,0.2206815646583545,1.0015801693783577,Unchanged,AMP + ATP <==> 2.0 ADP,"['Nucleotide Interconversion', 'Nucleotide Metabolism', 'Purine Metabolism']",Nucleotide Interconversion; Nucleotide Metabolism; Purine Metabolism,"['Nucleotide metabolism', 'Nitrogen disposal']",Nucleotide metabolism; Nitrogen disposal
ADKd,0.0006002829219179,0.0006002829219137,0.9999999999930034,Unchanged,dAMP(2-) + dATP <==> 2.0 dADP,['Nucleotide Interconversion'],Nucleotide Interconversion,['Nucleotide metabolism'],Nucleotide metabolism
ADSL1,0.0023153769845364,0.0023153769839559,0.9999999997492849,Unchanged,"N6-(1,2-Dicarboxyethyl)-AMP --> AMP + Fumarate","['Alanine, Aspartate And Glutamate Metabolism', 'Nucleotide Interconversion', 'Nucleotide Metabolism', 'Purine Metabolism']","Alanine, Aspartate And Glutamate Metabolism; Nucleotide Interconversion; Nucleotide Metabolism; Purine Metabolism","['AA other', 'Nucleotide metabolism', 'Nitrogen disposal']",AA other; Nucleotide metabolism; Nitrogen disposal
ADSL2,0.0033675357391337,0.003367535738545,0.9999999998251837,Unchanged,(S)-2-[5-Amino-1-(5-phospho-D-ribosyl)imidazole-4-carboxamido]succinate --> 5-Amino-1-(5-Phospho-D-ribosyl)imidazole-4-carboxamide + Fumarate,"['Purine Metabolism', 'Purine Synthesis']",Purine Metabolism; Purine Synthesis,"['Nitrogen disposal', 'Nucleotide metabolism']",Nitrogen disposal; Nucleotide metabolism
ADSS,0.0023153769845364,0.0023153769839559,0.9999999997492849,Unchanged,"L-aspartate(1-) + GTP + IMP --> N6-(1,2-Dicarboxyethyl)-AMP + GDP + 2.0 proton + hydrogenphosphate","['Alanine, Aspartate And Glutamate Metabolism', 'Nucleotide Interconversion', 'Nucleotide Metabolism', 'Purine Metabolism']","Alanine, Aspartate And Glutamate Metabolism; Nucleotide Interconversion; Nucleotide Metabolism; Purine Metabolism","['AA other', 'Nucleotide metabolism', 'Nitrogen disposal']",AA other; Nucleotide metabolism; Nitrogen disposal
AGPAT1,0.0086727847502269,0.0086727847501525,0.9999999999914214,Unchanged,R total 2 coenzyme A + lysophosphatidic acid --> Coenzyme A + phosphatidate(2-),['Triacylglycerol Synthesis'],Triacylglycerol Synthesis,['Lipid metabolism'],Lipid metabolism
AHC,0.0,0.0006002829215696,1000.0,On,S-Adenosyl-L-homocysteine + Water <==> Adenosine + L-homocysteine,"['Cysteine And Methionine Metabolism', 'Folate Metabolism']",Cysteine And Methionine Metabolism; Folate Metabolism,"['AA other', 'Folate Metabolism']",AA other; Folate Metabolism
AICART,0.0033675357391337,0.003367535738545,0.9999999998251837,Unchanged,"10-Formyltetrahydrofolate + 5-Amino-1-(5-Phospho-D-ribosyl)imidazole-4-carboxamide <==> 5-Formamido-1-(5-phospho-D-ribosyl)imidazole-4-carboxamide + 5,6,7,8-Tetrahydrofolate","['Folate Metabolism', 'Purine Metabolism', 'Purine Synthesis']",Folate Metabolism; Purine Metabolism; Purine Synthesis,"['Folate Metabolism', 'Nitrogen disposal', 'Nucleotide metabolism']",Folate Metabolism; Nitrogen disposal; Nucleotide metabolism
AIRCr,0.0033675357391337,0.003367535738545,0.9999999998251837,Unchanged,5-amino-1-(5-phospho-D-ribosyl)imidazole + carbon dioxide <==> 5-amino-1-(5-phospho-D-ribosyl)imidazole-4-carboxylate + proton,"['Purine Metabolism', 'Purine Synthesis']",Purine Metabolism; Purine Synthesis,"['Nitrogen disposal', 'Nucleotide metabolism']",Nitrogen disposal; Nucleotide metabolism
AKGDm,1.413544783850197,1.3380325538581328,0.9465795276847296,Unchanged,2-Oxoglutarate + Coenzyme A + Nicotinamide adenine dinucleotide --> carbon dioxide + Nicotinamide adenine dinucleotide - reduced + Succinyl-CoA,"['2-oxocarboxylic Acid Metabolism', 'Citric Acid Cycle']",2-oxocarboxylic Acid Metabolism; Citric Acid Cycle,"['2-oxocarboxylic Acid Metabolism', 'Central Energy Metabolism']",2-oxocarboxylic Acid Metabolism; Central Energy Metabolism
AKGMALtm,13.37462881442154,9.67088807912436,0.723077119620432,Decreased,2-Oxoglutarate + (S)-malate(2-) <==> 2-Oxoglutarate + (S)-malate(2-),"['Transport, Mitochondrial']","Transport, Mitochondrial",['Mitochondrial transport'],Mitochondrial transport
ALAPAT4te,0.0,-0.1988310809000333,1000.0,On,L-Alanine <==> L-alanine,['Extracellular Transport'],Extracellular Transport,['Extracellular Transport'],Extracellular Transport
ALATA__L,0.0343927812376515,-1.227601266015658,3000.0,Reversed,2-Oxoglutarate + L-alanine <==> L-glutamate(1-) + pyruvate,"['2-oxocarboxylic Acid Metabolism', 'Alanine, Aspartate And Glutamate Metabolism', 'Arginine Biosynthesis', 'Biosynthesis Of Amino Acids']","2-oxocarboxylic Acid Metabolism; Alanine, Aspartate And Glutamate Metabolism; Arginine Biosynthesis; Biosynthesis Of Amino Acids","['2-oxocarboxylic Acid Metabolism', 'AA other']",2-oxocarboxylic Acid Metabolism; AA other
ALAtN1,0.0499999999999936,-1.0131629663534023,3000.0,Reversed,L-Alanine + proton + 2.0 Sodium <==> L-alanine + proton + 2.0 Sodium,['Extracellular Transport'],Extracellular Transport,['Extracellular Transport'],Extracellular Transport
ARGLYSex,0.010011552873629,0.0106118357951201,1.0599590222484145,Unchanged,L-Arginine + L-lysinium(1+) --> L-argininium(1+) + L-lysinium(1+),['Extracellular Transport'],Extracellular Transport,['Extracellular Transport'],Extracellular Transport
ARTPLM2,-0.0086727847502269,-0.0086727847501525,0.9999999999914214,Unchanged,R total 2 coenzyme A <==> Palmitoyl-CoA (n-C16:0CoA),['Unknown'],Unknown,['Unknown'],Unknown
ARTPLM3,-0.0001858647435664,-0.0001858647435648,0.9999999999913917,Unchanged,R total 3 Coenzyme A <==> Palmitoyl-CoA (n-C16:0CoA),['Unknown'],Unknown,['Unknown'],Unknown
ASCBOX,0.0429201296988309,0.0280378237411736,0.653255801832708,Decreased,L-ascorbate + 3.0 proton + 2.0 superoxide --> dehydroascorbide(1-) + 2.0 Hydrogen peroxide,['Vitamin C Metabolism'],Vitamin C Metabolism,['Vitamin C Metabolism'],Vitamin C Metabolism
ASNt4,0.0085468625441492,0.0,2000.0,Off,L-Asparagine + Sodium --> L-asparagine + Sodium,['Extracellular Transport'],Extracellular Transport,['Extracellular Transport'],Extracellular Transport
ASNtN1,0.0,0.0085468625440832,1000.0,On,L-Asparagine + proton + 2.0 Sodium <==> L-asparagine + proton + 2.0 Sodium,['Extracellular Transport'],Extracellular Transport,['Extracellular Transport'],Extracellular Transport
ASPCTr,0.0026191544450261,0.0026191544447801,0.9999999999060766,Unchanged,L-aspartate(1-) + Carbamoyl phosphate <==> N-Carbamoyl-L-aspartate + proton + hydrogenphosphate,"['Alanine, Aspartate And Glutamate Metabolism', 'Pyrimidine Metabolism', 'Pyrimidine Synthesis']","Alanine, Aspartate And Glutamate Metabolism; Pyrimidine Metabolism; Pyrimidine Synthesis","['AA other', 'Nucleotide metabolism']",AA other; Nucleotide metabolism
ASPTA,0.0260453669822227,0.026045366983434,1.0000000000465075,Unchanged,2-Oxoglutarate + L-aspartate(1-) <==> L-glutamate(1-) + Oxaloacetate,"['2-oxocarboxylic Acid Metabolism', 'Alanine, Aspartate And Glutamate Metabolism', 'Arginine Biosynthesis', 'Biosynthesis Of Amino Acids']","2-oxocarboxylic Acid Metabolism; Alanine, Aspartate And Glutamate Metabolism; Arginine Biosynthesis; Biosynthesis Of Amino Acids","['2-oxocarboxylic Acid Metabolism', 'AA other']",2-oxocarboxylic Acid Metabolism; AA other
ASPt6,0.0500000000002768,0.0500000000000682,0.9999999999958279,Unchanged,L-Aspartate + proton + Potassium + 3.0 Sodium --> L-aspartate(1-) + proton + Potassium + 3.0 Sodium,['Extracellular Transport'],Extracellular Transport,['Extracellular Transport'],Extracellular Transport
ATPM,18.5,18.5,1.0,Unchanged,ATP + Water --> ADP + proton + hydrogenphosphate,"['Biomass And Maintenance Functions', 'Nucleotide Metabolism', 'Purine Metabolism']",Biomass And Maintenance Functions; Nucleotide Metabolism; Purine Metabolism,"['Biomass And Maintenance Functions', 'Nucleotide metabolism', 'Nitrogen disposal']",Biomass And Maintenance Functions; Nucleotide metabolism; Nitrogen disposal
ATPS4m,13.187278490682017,9.52435723418368,0.7222382723557014,Decreased,ADP + 4.0 proton + hydrogenphosphate --> ATP + Water + 3.0 proton,['Oxidative Phosphorylation'],Oxidative Phosphorylation,['Oxidative Phosphorylation'],Oxidative Phosphorylation
ATPtm,13.802099750438853,10.096184070055292,0.7314962398916348,Decreased,ADP + ATP --> ADP + ATP,"['Transport, Mitochondrial']","Transport, Mitochondrial",['Mitochondrial transport'],Mitochondrial transport
BIOMASS_maintenance,0.0171509406262275,0.0171509406260803,0.9999999999914173,Unchanged,"0.3449 L-alanine + 0.2755 L-argininium(1+) + 0.1901 L-asparagine + 0.2448 L-aspartate(1-) + 29.93 ATP + 0.020401 cholesterol + 0.0066 cardiolipin + 0.039036 CTP + 0.1067 L-cysteine + 0.035 dATP + 0.02523 dCTP + 0.02523 dGTP + 0.035 dTTP + 0.27519 D-Glucose 6-phosphate + 0.2424 L-glutamine + 0.3626 L-glutamate(1-) + 0.3106 Glycine + 0.025686 glycogen, structure 2 (glycogenin-1,6-{7[1,4-Glc], 4[1,4-Glc]}) + 0.036117 GTP + 29.83 Water + 0.1255 L-histidine + 0.2186 L-isoleucine + 0.4616 L-leucine + 0.3013 L-lysinium(1+) + 0.1088 L-methionine + 0.0017 phosphatidate(2-) + 0.0182 1-phosphatidyl-1D-myo-inositol(1-) + 0.1302 Phosphatidylcholine + 0.05 Phosphatidylethanolamine (gallus gallus) + 0.0015 phosphatidylglycerol(1-) + 0.1674 L-phenylalanine + 0.2936 L-proline + 0.0165 phosphatidylserine + 0.433 L-serine + 0.0214 sphingomyelin betaine + 0.010837 triglyceride + 0.2674 L-Threonine + 0.0552 L-tryptophan + 0.131 L-tyrosine + 0.053446 UTP + 0.2967 L-valine --> 29.83 ADP + 29.83 proton + 29.83 hydrogenphosphate",['Biomass And Maintenance Functions'],Biomass And Maintenance Functions,['Biomass And Maintenance Functions'],Biomass And Maintenance Functions
BTNTe,0.0,0.2776277523866119,1000.0,On,Biotin --> Biotin,['Extracellular Transport'],Extracellular Transport,['Extracellular Transport'],Extracellular Transport
C160CPT1,0.0,0.0003670301295118,1000.0,On,L-Carnitine + Palmitoyl-CoA (n-C16:0CoA) --> Coenzyme A + Palmitoyl-CoA (n-C16:0CoA),"['Fatty Acid Degradation', 'Fatty Acid Metabolism']",Fatty Acid Degradation; Fatty Acid Metabolism,['Lipid metabolism'],Lipid metabolism
CBPS,0.0026191544450261,0.0,2000.0,Off,2.0 ATP + L-glutamine + Water + Bicarbonate --> 2.0 ADP + Carbamoyl phosphate + L-glutamate(1-) + 2.0 proton + hydrogenphosphate,"['Alanine, Aspartate And Glutamate Metabolism', 'Arginine Biosynthesis', 'Pyrimidine Metabolism', 'Pyrimidine Synthesis']","Alanine, Aspartate And Glutamate Metabolism; Arginine Biosynthesis; Pyrimidine Metabolism; Pyrimidine Synthesis","['AA other', 'Nucleotide metabolism']",AA other; Nucleotide metabolism
CDIPTr,0.0003121471193973,0.0003121471193946,0.9999999999913501,Unchanged,CDP-diacylglycerol(2-) + myo-inositol <==> CMP + proton + 1-phosphatidyl-1D-myo-inositol(1-),['Glycerophospholipid Metabolism'],Glycerophospholipid Metabolism,['Lipid metabolism'],Lipid metabolism
CDS,0.0005642659466028,0.000564265946598,0.9999999999914932,Unchanged,CTP + proton + phosphatidate(2-) --> CDP-diacylglycerol(2-) + Diphosphate,['Glycerophospholipid Metabolism'],Glycerophospholipid Metabolism,['Lipid metabolism'],Lipid metabolism
CEPTC,0.0082605275903943,0.0082605275903234,0.999999999991417,Unchanged,CDPcholine + diglyceride --> CMP + proton + Phosphatidylcholine,['Glycerophospholipid Metabolism'],Glycerophospholipid Metabolism,['Lipid metabolism'],Lipid metabolism
CHLPCTD,0.0082605275903943,0.0082605275903234,0.999999999991417,Unchanged,choline phosphate(1-) + CTP + proton --> CDPcholine + Diphosphate,['Glycerophospholipid Metabolism'],Glycerophospholipid Metabolism,['Lipid metabolism'],Lipid metabolism
CHOLESTTDe,-0.0003498963397156,-0.0003498963397126,0.9999999999914261,Unchanged,cholesterol <==> Chsterol c,['Extracellular Transport'],Extracellular Transport,['Extracellular Transport'],Extracellular Transport
CHOLESTle,0.0045199074398141,0.0045199074397753,0.9999999999914156,Unchanged,Water + cholesterol ester --> R total + Chsterol c + proton,['Extracellular Transport'],Extracellular Transport,['Extracellular Transport'],Extracellular Transport
CHOLK,0.0082605275903943,0.0082605275903234,0.999999999991417,Unchanged,ATP + Choline --> ADP + choline phosphate(1-) + proton,['Glycerophospholipid Metabolism'],Glycerophospholipid Metabolism,['Lipid metabolism'],Lipid metabolism
CHOLtu,0.0026000825989361,0.0026000825989143,0.9999999999916157,Unchanged,Choline <==> Choline,['Extracellular Transport'],Extracellular Transport,['Extracellular Transport'],Extracellular Transport
CKc,0.0,0.0006002829215722,1000.0,On,ATP + creatine <==> ADP + N-phosphocreatinate(2-),"['Arginine And Proline Metabolism', 'Urea Cycle']",Arginine And Proline Metabolism; Urea Cycle,"['Arginine And Proline Metabolism', 'Nitrogen disposal']",Arginine And Proline Metabolism; Nitrogen disposal
CLSm_hs,0.0001131962081331,0.0001131962081321,0.9999999999911658,Unchanged,CDP-diacylglycerol(2-) + phosphatidylglycerol(1-) --> cardiolipin + CMP + proton,['Glycerophospholipid Metabolism'],Glycerophospholipid Metabolism,['Lipid metabolism'],Lipid metabolism
CO2t,-3.799959798195145,-3.611179223216378,0.9503203757396509,Unchanged,carbon dioxide <==> carbon dioxide,['Extracellular Transport'],Extracellular Transport,['Extracellular Transport'],Extracellular Transport
CO2ter,0.0,-0.0003670301293986,1000.0,On,carbon dioxide <==> carbon dioxide,"['Transport, Endoplasmic Reticulum']","Transport, Endoplasmic Reticulum","['Transport, Endoplasmic Reticulum']","Transport, Endoplasmic Reticulum"
CO2tm,-3.796973613620717,-3.605573884197135,0.9495915039448835,Unchanged,carbon dioxide <==> carbon dioxide,"['Transport, Mitochondrial']","Transport, Mitochondrial",['Mitochondrial transport'],Mitochondrial transport
CRTNsyn,0.0,0.0006002829215722,1000.0,On,N-phosphocreatinate(2-) --> creatinine + proton + hydrogenphosphate,"['Arginine And Proline Metabolism', 'Urea Cycle']",Arginine And Proline Metabolism; Urea Cycle,"['Arginine And Proline Metabolism', 'Nitrogen disposal']",Arginine And Proline Metabolism; Nitrogen disposal
CRTNtr,0.0,-0.0006002829215722,1000.0,On,Creatinin <==> creatinine,['Extracellular Transport'],Extracellular Transport,['Extracellular Transport'],Extracellular Transport
CSm,0.7983403377775254,0.7605842227821293,0.952706742715138,Unchanged,Acetyl-CoA + Water + Oxaloacetate --> Citrate + Coenzyme A + proton,"['2-oxocarboxylic Acid Metabolism', 'Biosynthesis Of Amino Acids', 'Citric Acid Cycle', 'Glyoxylate And Dicarboxylate Metabolism']",2-oxocarboxylic Acid Metabolism; Biosynthesis Of Amino Acids; Citric Acid Cycle; Glyoxylate And Dicarboxylate Metabolism,"['2-oxocarboxylic Acid Metabolism', 'AA other', 'Central Energy Metabolism', 'Glyoxylate And Dicarboxylate Metabolism']",2-oxocarboxylic Acid Metabolism; AA other; Central Energy Metabolism; Glyoxylate And Dicarboxylate Metabolism
CTPS2,0.009242178828077,0.0092421788279977,0.9999999999914199,Unchanged,ATP + L-glutamine + Water + UTP --> ADP + CTP + L-glutamate(1-) + 2.0 proton + hydrogenphosphate,"['Nucleotide Metabolism', 'Pyrimidine Metabolism', 'Pyrimidine Synthesis']",Nucleotide Metabolism; Pyrimidine Metabolism; Pyrimidine Synthesis,['Nucleotide metabolism'],Nucleotide metabolism
CYOOm3,4.292012969883092,2.8037823741173638,0.6532558018327085,Decreased,4.0 Ferrocytochrome C + 7.92 proton + O2 --> 4.0 Ferricytochrome c + 1.96 Water + 4.0 proton + 0.02 superoxide,['Oxidative Phosphorylation'],Oxidative Phosphorylation,['Oxidative Phosphorylation'],Oxidative Phosphorylation
CYOR_u10m,8.584025939766182,5.607564748234725,0.6532558018327084,Decreased,2.0 Ferricytochrome c + 2.0 proton + Ubiquinol-10 --> 2.0 Ferrocytochrome C + 4.0 proton + ubiquinone-10,['Oxidative Phosphorylation'],Oxidative Phosphorylation,['Oxidative Phosphorylation'],Oxidative Phosphorylation
CYSTGL,0.0,0.0006002829215696,1000.0,On,L-cystathionine + Water --> 2-Oxobutanoate + L-cysteine + Ammonium,"['Biosynthesis Of Amino Acids', 'Cysteine And Methionine Metabolism', 'Folate Metabolism', 'Glycine, Serine And Threonine Metabolism']","Biosynthesis Of Amino Acids; Cysteine And Methionine Metabolism; Folate Metabolism; Glycine, Serine And Threonine Metabolism","['AA other', 'Folate Metabolism']",AA other; Folate Metabolism
CYSTS,0.0,0.0006002829215696,1000.0,On,L-homocysteine + L-serine --> L-cystathionine + Water,"['Biosynthesis Of Amino Acids', 'Cysteine And Methionine Metabolism', 'Folate Metabolism', 'Glycine, Serine And Threonine Metabolism']","Biosynthesis Of Amino Acids; Cysteine And Methionine Metabolism; Folate Metabolism; Glycine, Serine And Threonine Metabolism","['AA other', 'Folate Metabolism']",AA other; Folate Metabolism
CYSt4,0.0044732397303701,0.0038729568087657,0.8658057788566734,Unchanged,L-Cysteine + Sodium --> L-cysteine + Sodium,['Extracellular Transport'],Extracellular Transport,['Extracellular Transport'],Extracellular Transport
CYTDK1,0.00377320693777,0.0037732069377434,0.9999999999929503,Unchanged,ATP + Cytidine --> ADP + CMP + proton,"['Nucleotide Interconversion', 'Nucleotide Metabolism', 'Pyrimidine Metabolism']",Nucleotide Interconversion; Nucleotide Metabolism; Pyrimidine Metabolism,['Nucleotide metabolism'],Nucleotide metabolism
CYTDe,0.0077072382457922,0.0077072382457221,0.9999999999909046,Unchanged,Cytidine + Water + proton --> Ammonium + Uridine,['Pyrimidine Catabolism'],Pyrimidine Catabolism,['Nucleotide metabolism'],Nucleotide metabolism
CYTDt,-0.0077072382457922,-0.0077072382457221,0.9999999999909046,Unchanged,Cytidine <==> Cytidine,['Extracellular Transport'],Extracellular Transport,['Extracellular Transport'],Extracellular Transport
CYTK1,0.0008654364639994,0.0008654364639933,0.9999999999929515,Unchanged,ATP + CMP <==> ADP + CDP,"['Nucleotide Interconversion', 'Nucleotide Metabolism', 'Pyrimidine Metabolism']",Nucleotide Interconversion; Nucleotide Metabolism; Pyrimidine Metabolism,['Nucleotide metabolism'],Nucleotide metabolism
CYTK12,-0.0004327182319997,-0.0004327182319966,0.999999999992836,Unchanged,dCMP + dCTP <==> 2.0 dCDP,['Nucleotide Interconversion'],Nucleotide Interconversion,['Nucleotide metabolism'],Nucleotide metabolism
CYTK1m,0.0002521188272055,0.0002521188272033,0.9999999999912739,Unchanged,ATP + CMP <==> ADP + CDP,"['Nucleotide Interconversion', 'Nucleotide Metabolism', 'Pyrimidine Metabolism']",Nucleotide Interconversion; Nucleotide Metabolism; Pyrimidine Metabolism,['Nucleotide metabolism'],Nucleotide metabolism
Clt,-0.0499999999998408,-0.0500000000000682,1.0000000000045481,Unchanged,Chloride <==> Chloride,['Extracellular Transport'],Extracellular Transport,['Extracellular Transport'],Extracellular Transport
ECOAH12m,0.0325762222102904,0.0325762222104225,1.0000000000040552,Unchanged,2-Methylprop-2-enoyl-CoA + Water <==> (S)-3-Hydroxyisobutyryl-CoA,"['Valine, Leucine And Isoleucine Biosynthesis', 'Valine, Leucine And Isoleucine Degradation']","Valine, Leucine And Isoleucine Biosynthesis; Valine, Leucine And Isoleucine Degradation",['BCAA metabolism (Val/Leu/Iso)'],BCAA metabolism (Val/Leu/Iso)
ECOAH1m,-0.0369027184926626,-0.0369027184927639,1.0000000000027451,Unchanged,(S)-3-hydroxybutanoyl-CoA(4-) <==> crotonoyl-CoA(4-) + Water,"['Butanoate Metabolism', 'Fatty Acid Degradation', 'Fatty Acid Metabolism', 'Lysine Degradation', 'Tryptophan Metabolism']",Butanoate Metabolism; Fatty Acid Degradation; Fatty Acid Metabolism; Lysine Degradation; Tryptophan Metabolism,"['AA other', 'Lipid metabolism', 'AAA metabolism (Trp/Phe/Tyr)']",AA other; Lipid metabolism; AAA metabolism (Trp/Phe/Tyr)
ECOAH9m,0.0409643356480032,0.0409643356480734,1.0000000000017137,Unchanged,"2-methylcrotonoyl-CoA(4-) + Water <==> (2S,3S)-3-hydroxy-2-methylbutanoyl-CoA(4-)","['Valine, Leucine And Isoleucine Biosynthesis', 'Valine, Leucine And Isoleucine Degradation']","Valine, Leucine And Isoleucine Biosynthesis; Valine, Leucine And Isoleucine Degradation",['BCAA metabolism (Val/Leu/Iso)'],BCAA metabolism (Val/Leu/Iso)
ENO,6.269077785127522,9.97105176771486,1.5905133273939802,Increased,D-Glycerate 2-phosphate <==> Water + Phosphoenolpyruvate,"['Biosynthesis Of Amino Acids', 'Glycolysis/Gluconeogenesis', 'Methane Metabolism']",Biosynthesis Of Amino Acids; Glycolysis/Gluconeogenesis; Methane Metabolism,"['AA other', 'Central Energy Metabolism', 'Methane Metabolism']",AA other; Central Energy Metabolism; Methane Metabolism
EX_2hb_e,0.0279101635042464,0.0006002829215722,0.021507682012714465,Decreased,2 Hydroxybutyrate C4H7O3 -->,['Unknown'],Unknown,['Unknown'],Unknown
EX_C02470_e,0.0067350714781537,0.0067350714770891,0.9999999998419318,Unchanged,Xanthurenic acid -->,['Unknown'],Unknown,['Unknown'],Unknown
EX_ala__L_e,-0.0499999999999936,1.2119940472534334,3000.0,Reversed,L-Alanine <==>,['Unknown'],Unknown,['Unknown'],Unknown
EX_arg__L_e,-0.010011552873629,-0.0106118357951201,1.0599590222484145,Unchanged,L-Arginine <==>,['Unknown'],Unknown,['Unknown'],Unknown
EX_asn__L_e,-0.0085468625441492,-0.0085468625440877,0.9999999999928044,Unchanged,L-Asparagine <==>,['Unknown'],Unknown,['Unknown'],Unknown
EX_asp__L_e,-0.0500000000002768,-0.0500000000000682,0.9999999999958279,Unchanged,L-Aspartate <==>,['Unknown'],Unknown,['Unknown'],Unknown
EX_cgly_e,0.05,0.05,1.0,Unchanged,L-cysteinylglycine -->,['Unknown'],Unknown,['Unknown'],Unknown
EX_chol_e,-0.0026000825989361,-0.0026000825989143,0.9999999999916157,Unchanged,Choline <==>,['Unknown'],Unknown,['Unknown'],Unknown
EX_chsterol_e,-0.0003498963397156,-0.0003498963397126,0.9999999999914261,Unchanged,Chsterol c <==>,['Unknown'],Unknown,['Unknown'],Unknown
EX_co2_e,3.799959798195144,3.6111792232163777,0.950320375739651,Unchanged,carbon dioxide -->,['Unknown'],Unknown,['Unknown'],Unknown
EX_crtn_e,0.0,0.0006002829215722,1000.0,On,Creatinin -->,['Extracellular Transport'],Extracellular Transport,['Extracellular Transport'],Extracellular Transport
EX_cys__L_e,-0.0044732397303701,-0.0038729568087657,0.8658057788566734,Unchanged,L-Cysteine <==>,['Unknown'],Unknown,['Unknown'],Unknown
EX_glc__D_e,-3.149013008707421,-5.0,1.5877990932950625,Increased,D-glucose <==>,['Unknown'],Unknown,['Unknown'],Unknown
EX_gln__L_e,-0.5,-0.5,1.0,Unchanged,L-Glutamine <==>,['Unknown'],Unknown,['Unknown'],Unknown
EX_glu__L_e,-0.05,-0.05,1.0,Unchanged,L-glutamate(1-) <==>,['Unknown'],Unknown,['Unknown'],Unknown
EX_gly_e,-0.0160240380720592,-0.0166243209934615,1.0374614013460814,Unchanged,Glycine <==>,['Unknown'],Unknown,['Unknown'],Unknown
EX_gthrd_e,-0.05,-0.05,1.0,Unchanged,Reduced glutathione <==>,['Unknown'],Unknown,['Unknown'],Unknown
EX_h2o2_e,4.8290800025276965,9.842631439055769,2.038200119671618,Increased,Hydrogen peroxide -->,['Unknown'],Unknown,['Unknown'],Unknown
EX_h2o_e,3.147701965018612,1.795413247452876,0.5703885778913823,Decreased,Water <==>,['Unknown'],Unknown,['Unknown'],Unknown
EX_h_e,4.5050256642733055,8.15546192610866,1.8103031001099075,Increased,proton <==>,['Unknown'],Unknown,['Unknown'],Unknown
EX_his__L_e,-0.006117294596919,-0.006117294596875,0.9999999999928072,Unchanged,L-Histidine <==>,['Unknown'],Unknown,['Unknown'],Unknown
EX_ile__L_e,-0.05,-0.05,1.0,Unchanged,L-Isoleucine <==>,['Unknown'],Unknown,['Unknown'],Unknown
EX_inost_e,-0.0003121471193973,-0.0003121471193951,0.999999999992952,Unchanged,Myo-Inositol <==>,['Unknown'],Unknown,['Unknown'],Unknown
EX_leu__L_e,-0.0250978975690388,-0.025097897568961,0.9999999999969001,Unchanged,L-Leucine <==>,['Unknown'],Unknown,['Unknown'],Unknown
EX_lys__L_e,-0.05,-0.05,1.0,Unchanged,L-lysinium(1+) <==>,['Unknown'],Unknown,['Unknown'],Unknown
EX_met__L_e,-0.0053903348275358,-0.0059906177490641,1.1113628263798818,Unchanged,L-Methionine <==>,['Unknown'],Unknown,['Unknown'],Unknown
EX_nh4_e,1.335199999307174,0.0087402393992907,0.0065460151316851034,Decreased,Ammonium -->,['Unknown'],Unknown,['Unknown'],Unknown
EX_o2_e,-9.049089886098834,-12.604175338774322,1.3928666305035595,Increased,O2 <==>,['Unknown'],Unknown,['Unknown'],Unknown
EX_phe__L_e,-0.0116818486793355,-0.0116818486792484,0.9999999999925441,Unchanged,L-phenylalanine <==>,['Unknown'],Unknown,['Unknown'],Unknown
EX_pi_e,-0.0270138805997098,-0.02701388059834,0.9999999999492928,Unchanged,hydrogenphosphate <==>,['Unknown'],Unknown,['Unknown'],Unknown
EX_pro__L_e,-0.05,-0.0116436020816488,0.23287204163297598,Decreased,L-Proline <==>,['Unknown'],Unknown,['Unknown'],Unknown
EX_pyr_e,6.26656784787251,8.70654778320596,1.389364640193247,Increased,Pyruvate -->,['Unknown'],Unknown,['Unknown'],Unknown
EX_ser__L_e,-0.0225906358608856,-0.0231909187824517,1.0265722012103897,Unchanged,L-Serine <==>,['Unknown'],Unknown,['Unknown'],Unknown
EX_thr__L_e,-0.0435098015508317,-0.0155996380464666,0.35853158346957364,Decreased,L-Threonine <==>,['Unknown'],Unknown,['Unknown'],Unknown
EX_trp__L_e,-0.0107655768271984,-0.010765576826104,0.9999999998983425,Unchanged,L-Tryptophan <==>,['Unknown'],Unknown,['Unknown'],Unknown
EX_tyr__L_e,-0.0079737810140644,-0.0079737810140039,0.9999999999924126,Unchanged,L-Tyrosine <==>,['Unknown'],Unknown,['Unknown'],Unknown
EX_val__L_e,-0.05,-0.05,1.0,Unchanged,L-Valine <==>,['Unknown'],Unknown,['Unknown'],Unknown
FAS100COA,0.0092256796231946,0.0092256796234005,1.0000000000223181,Unchanged,3.0 proton + Malonyl-CoA + 2.0 Nicotinamide adenine dinucleotide phosphate - reduced + Octanoyl-CoA (n-C8:0CoA) --> carbon dioxide + Coenzyme A + Decanoyl-CoA (n-C10:0CoA) + Water + 2.0 Nicotinamide adenine dinucleotide phosphate,['Fatty Acid Biosynthesis'],Fatty Acid Biosynthesis,['Lipid metabolism'],Lipid metabolism
FAS120COA,0.0092256796231946,0.0092256796234005,1.0000000000223181,Unchanged,Decanoyl-CoA (n-C10:0CoA) + 3.0 proton + Malonyl-CoA + 2.0 Nicotinamide adenine dinucleotide phosphate - reduced --> carbon dioxide + Coenzyme A + Dodecanoyl-CoA (n-C12:0CoA) + Water + 2.0 Nicotinamide adenine dinucleotide phosphate,['Fatty Acid Biosynthesis'],Fatty Acid Biosynthesis,['Lipid metabolism'],Lipid metabolism
FAS140COA,0.0092256796231946,0.0092256796234005,1.0000000000223181,Unchanged,Dodecanoyl-CoA (n-C12:0CoA) + 3.0 proton + Malonyl-CoA + 2.0 Nicotinamide adenine dinucleotide phosphate - reduced --> carbon dioxide + Coenzyme A + Water + 2.0 Nicotinamide adenine dinucleotide phosphate + Tetradecanoyl-CoA (n-C14:0CoA),['Fatty Acid Biosynthesis'],Fatty Acid Biosynthesis,['Lipid metabolism'],Lipid metabolism
FAS160COA,0.0092256796231946,0.0092256796234005,1.0000000000223181,Unchanged,3.0 proton + Malonyl-CoA + 2.0 Nicotinamide adenine dinucleotide phosphate - reduced + Tetradecanoyl-CoA (n-C14:0CoA) --> carbon dioxide + Coenzyme A + Water + 2.0 Nicotinamide adenine dinucleotide phosphate + Palmitoyl-CoA (n-C16:0CoA),['Fatty Acid Biosynthesis'],Fatty Acid Biosynthesis,['Lipid metabolism'],Lipid metabolism
FAS80COA__L,0.0092256796231946,0.0092256796234005,1.0000000000223181,Unchanged,Acetyl-CoA + 9.0 proton + 3.0 Malonyl-CoA + 6.0 Nicotinamide adenine dinucleotide phosphate - reduced --> 3.0 carbon dioxide + 3.0 Coenzyme A + 3.0 Water + 6.0 Nicotinamide adenine dinucleotide phosphate + Octanoyl-CoA (n-C8:0CoA),['Fatty Acid Biosynthesis'],Fatty Acid Biosynthesis,['Lipid metabolism'],Lipid metabolism
FBA,0.0,4.987971925283008,1000.0,On,"D-Fructose 1,6-bisphosphate <==> Dihydroxyacetone phosphate + Glyceraldehyde 3-phosphate",['Pentose Phosphate Pathway'],Pentose Phosphate Pathway,['Redox & Pentose Metabolism'],Redox & Pentose Metabolism
FBA2,3.1369849339895546,0.0,2000.0,Off,D-Fructose 1-phosphate <==> Dihydroxyacetone phosphate + D-Glyceraldehyde,['Fructose And Mannose Metabolism'],Fructose And Mannose Metabolism,['Fructose And Mannose Metabolism'],Fructose And Mannose Metabolism
FKYNH,0.0067350714781537,0.0067350714770896,0.999999999842006,Unchanged,N-formyl-L-kynurenine + Water --> L-kynurenine + Formate + proton,['Tryptophan Metabolism'],Tryptophan Metabolism,['AAA metabolism (Trp/Phe/Tyr)'],AAA metabolism (Trp/Phe/Tyr)
FOLt2,3.2099291107042185,1.8576403931383736,0.5787169526403748,Decreased,Folate + Water <==> Folate + Water,['Extracellular Transport'],Extracellular Transport,['Extracellular Transport'],Extracellular Transport
FOLt2le,-3.209929110704218,-1.8576403931383731,0.5787169526403747,Decreased,Folate + hydroxide ion <==> Folate + hydroxide ion,['Extracellular Transport'],Extracellular Transport,['Extracellular Transport'],Extracellular Transport
FRUt1r,3.1369849339895546,0.0,2000.0,Off,D-Fructose <==> D-Fructose,['Extracellular Transport'],Extracellular Transport,['Extracellular Transport'],Extracellular Transport
FTHFL,0.0067350714781537,0.0067350714770896,0.999999999842006,Unchanged,"ATP + Formate + 5,6,7,8-Tetrahydrofolate --> 10-Formyltetrahydrofolate + ADP + hydrogenphosphate",['Folate Metabolism'],Folate Metabolism,['Folate Metabolism'],Folate Metabolism
FUM,0.0056829127236701,0.0056829127225009,0.9999999997942606,Unchanged,Fumarate + Water <==> (S)-malate(2-),"['Citric Acid Cycle', 'Pyruvate Metabolism']",Citric Acid Cycle; Pyruvate Metabolism,['Central Energy Metabolism'],Central Energy Metabolism
FUMm,1.4870853417081766,1.4115731117166677,0.949221320475952,Unchanged,Fumarate + Water <==> (S)-malate(2-),"['Citric Acid Cycle', 'Pyruvate Metabolism']",Citric Acid Cycle; Pyruvate Metabolism,['Central Energy Metabolism'],Central Energy Metabolism
G6PDH1rer,0.0,0.0003670301293981,1000.0,On,"D-Glucose 6-phosphate + Nicotinamide adenine dinucleotide phosphate <==> 6-phospho-D-glucono-1,5-lactone + proton + Nicotinamide adenine dinucleotide phosphate - reduced",['Pentose Phosphate Pathway'],Pentose Phosphate Pathway,['Redox & Pentose Metabolism'],Redox & Pentose Metabolism
G6PDH2r,0.0059866901841598,0.0056196600539268,0.9386923126230708,Unchanged,"D-Glucose 6-phosphate + Nicotinamide adenine dinucleotide phosphate <==> 6-phospho-D-glucono-1,5-lactone + proton + Nicotinamide adenine dinucleotide phosphate - reduced",['Pentose Phosphate Pathway'],Pentose Phosphate Pathway,['Redox & Pentose Metabolism'],Redox & Pentose Metabolism
G6Pter,0.0,0.0003670301293986,1000.0,On,D-Glucose 6-phosphate <==> D-Glucose 6-phosphate,"['Transport, Endoplasmic Reticulum']","Transport, Endoplasmic Reticulum","['Transport, Endoplasmic Reticulum']","Transport, Endoplasmic Reticulum"
GACMTRc,0.0,0.0006002829215696,1000.0,On,S-Adenosyl-L-methionine + guanidinoacetic acid <==> S-Adenosyl-L-homocysteine + creatine + proton,"['Arginine And Proline Metabolism', 'Glycine, Serine And Threonine Metabolism', 'Urea Cycle']","Arginine And Proline Metabolism; Glycine, Serine And Threonine Metabolism; Urea Cycle","['Arginine And Proline Metabolism', 'AA other', 'Nitrogen disposal']",Arginine And Proline Metabolism; AA other; Nitrogen disposal
GALU,0.0013216171827758,0.0013216171827663,0.9999999999928119,Unchanged,D-Glucose 1-phosphate + proton + UTP --> Diphosphate + UDPglucose,['Pentose And Glucuronate Interconversions'],Pentose And Glucuronate Interconversions,['Redox & Pentose Metabolism'],Redox & Pentose Metabolism
GAPD,6.269678068049624,9.971652050636566,1.5904567893927855,Increased,Glyceraldehyde 3-phosphate + Nicotinamide adenine dinucleotide + hydrogenphosphate <==> 3-Phospho-D-glyceroyl phosphate + proton + Nicotinamide adenine dinucleotide - reduced,['Glycolysis/Gluconeogenesis'],Glycolysis/Gluconeogenesis,['Central Energy Metabolism'],Central Energy Metabolism
GARFT,0.0033675357391337,0.0033675357385445,0.9999999998250352,Unchanged,"10-Formyltetrahydrofolate + N1-(5-Phospho-D-ribosyl)glycinamide <==> N2-Formyl-N1-(5-phospho-D-ribosyl)glycinamide + proton + 5,6,7,8-Tetrahydrofolate","['Folate Metabolism', 'Purine Metabolism', 'Purine Synthesis']",Folate Metabolism; Purine Metabolism; Purine Synthesis,"['Folate Metabolism', 'Nitrogen disposal', 'Nucleotide metabolism']",Folate Metabolism; Nitrogen disposal; Nucleotide metabolism
GCC2cm,0.0735405578582937,0.073540557858496,1.000000000002751,Unchanged,dihydrolipoamide + Nicotinamide adenine dinucleotide <==> proton + lipoamide + Nicotinamide adenine dinucleotide - reduced,['Glycolysis/Gluconeogenesis'],Glycolysis/Gluconeogenesis,['Central Energy Metabolism'],Central Energy Metabolism
GHMT2rm,0.0006002829222357,0.0006002829217112,0.9999999991262455,Unchanged,"L-serine + 5,6,7,8-Tetrahydrofolate <==> Glycine + Water + 5,10-Methylenetetrahydrofolate","['Alanine, Aspartate And Glutamate Metabolism', 'Biosynthesis Of Amino Acids', 'Cyanoamino Acid Metabolism', 'Folate Metabolism', 'Glycine, Serine And Threonine Metabolism', 'Glyoxylate And Dicarboxylate Metabolism', 'Methane Metabolism']","Alanine, Aspartate And Glutamate Metabolism; Biosynthesis Of Amino Acids; Cyanoamino Acid Metabolism; Folate Metabolism; Glycine, Serine And Threonine Metabolism; Glyoxylate And Dicarboxylate Metabolism; Methane Metabolism","['AA other', 'Cyanoamino Acid Metabolism', 'Folate Metabolism', 'Glyoxylate And Dicarboxylate Metabolism', 'Methane Metabolism']",AA other; Cyanoamino Acid Metabolism; Folate Metabolism; Glyoxylate And Dicarboxylate Metabolism; Methane Metabolism
GK1,0.0133004515501092,0.013300451549771,0.9999999999745721,Unchanged,ATP + GMP <==> ADP + GDP,"['Nucleotide Interconversion', 'Nucleotide Metabolism', 'Purine Metabolism']",Nucleotide Interconversion; Nucleotide Metabolism; Purine Metabolism,"['Nucleotide metabolism', 'Nitrogen disposal']",Nucleotide metabolism; Nitrogen disposal
GLBRAN,0.0004405390609252,0.0004405390609214,0.9999999999913742,Unchanged,"glycogen, structure 1 (glycogenin-11[1,4-Glc]) --> glycogen, structure 2 (glycogenin-1,6-{7[1,4-Glc], 4[1,4-Glc]})",['Starch And Sucrose Metabolism'],Starch And Sucrose Metabolism,['Starch And Sucrose Metabolism'],Starch And Sucrose Metabolism
GLCt1,0.0120280747178672,5.000000000000003,415.6941253925462,Increased,D-glucose <==> D-glucose,['Extracellular Transport'],Extracellular Transport,['Extracellular Transport'],Extracellular Transport
GLGNS1,0.0004405390609252,0.0004405390609221,0.9999999999929632,Unchanged,"primed glycogenin (glycogenin-8[1,4-Glc]) + 3.0 UDPglucose --> glycogen, structure 1 (glycogenin-11[1,4-Glc]) + 3.0 proton + 3.0 UDP",['Starch And Sucrose Metabolism'],Starch And Sucrose Metabolism,['Starch And Sucrose Metabolism'],Starch And Sucrose Metabolism
GLNt4,2.2923823108940518,0.0,2000.0,Off,L-Glutamine + Sodium --> L-glutamine + Sodium,['Extracellular Transport'],Extracellular Transport,['Extracellular Transport'],Extracellular Transport
GLNtN1,-1.7923823108939936,0.4999999999999883,3000.0,Reversed,L-Glutamine + proton + 2.0 Sodium <==> L-glutamine + proton + 2.0 Sodium,['Extracellular Transport'],Extracellular Transport,['Extracellular Transport'],Extracellular Transport
GLNtm,0.4710786603878777,0.47369781483423,1.0055599089209342,Unchanged,L-glutamine --> L-glutamine,"['Transport, Mitochondrial']","Transport, Mitochondrial",['Mitochondrial transport'],Mitochondrial transport
GLUDxm,0.8291233776920836,-0.4700265016348278,3000.0,Reversed,L-glutamate(1-) + Water + Nicotinamide adenine dinucleotide <==> 2-Oxoglutarate + proton + Nicotinamide adenine dinucleotide - reduced + Ammonium,"['Alanine, Aspartate And Glutamate Metabolism', 'Arginine Biosynthesis', 'Nitrogen Metabolism', 'Taurine And Hypotaurine Metabolism']","Alanine, Aspartate And Glutamate Metabolism; Arginine Biosynthesis; Nitrogen Metabolism; Taurine And Hypotaurine Metabolism","['AA other', 'Nitrogen disposal', 'Taurine And Hypotaurine Metabolism']",AA other; Nitrogen disposal; Taurine And Hypotaurine Metabolism
GLUNm,0.4710786603878777,0.4736978148341971,1.0055599089208644,Unchanged,L-glutamine + Water --> L-glutamate(1-) + Ammonium,"['Alanine, Aspartate And Glutamate Metabolism', 'Arginine Biosynthesis']","Alanine, Aspartate And Glutamate Metabolism; Arginine Biosynthesis",['AA other'],AA other
GLUPRT,0.0033675357391337,0.0033675357385445,0.9999999998250352,Unchanged,L-glutamine + Water + 5-Phospho-alpha-D-ribose 1-diphosphate --> L-glutamate(1-) + Diphosphate + 5-Phospho-beta-D-ribosylamine,"['Alanine, Aspartate And Glutamate Metabolism', 'Purine Metabolism', 'Purine Synthesis']","Alanine, Aspartate And Glutamate Metabolism; Purine Metabolism; Purine Synthesis","['AA other', 'Nitrogen disposal', 'Nucleotide metabolism']",AA other; Nitrogen disposal; Nucleotide metabolism
GLUt2m,13.480398202187962,9.77403831244468,0.7250556078423772,Decreased,L-glutamate(1-) + proton <==> L-glutamate(1-) + proton,"['Transport, Mitochondrial']","Transport, Mitochondrial",['Mitochondrial transport'],Mitochondrial transport
GLUt4,0.1,0.1,1.0,Unchanged,L-glutamate(1-) + Sodium --> L-glutamate(1-) + Sodium,['Extracellular Transport'],Extracellular Transport,['Extracellular Transport'],Extracellular Transport
GLYAMDTRc,0.0,0.0006002829215696,1000.0,On,L-argininium(1+) + Glycine <==> guanidinoacetic acid + Ornithine,"['Arginine And Proline Metabolism', 'Glycine, Serine And Threonine Metabolism', 'Urea Cycle']","Arginine And Proline Metabolism; Glycine, Serine And Threonine Metabolism; Urea Cycle","['Arginine And Proline Metabolism', 'AA other', 'Nitrogen disposal']",Arginine And Proline Metabolism; AA other; Nitrogen disposal
GLYCLTDy,4.743239743130035,9.786555791573418,2.063263997091433,Increased,glyoxylate + proton + Nicotinamide adenine dinucleotide phosphate - reduced --> glycolate + Nicotinamide adenine dinucleotide phosphate,['Glyoxylate And Dicarboxylate Metabolism'],Glyoxylate And Dicarboxylate Metabolism,['Glyoxylate And Dicarboxylate Metabolism'],Glyoxylate And Dicarboxylate Metabolism
GLYCTO1p,4.743239743130035,9.786555791573418,2.063263997091433,Increased,glycolate + O2 --> glyoxylate + Hydrogen peroxide,['Glyoxylate And Dicarboxylate Metabolism'],Glyoxylate And Dicarboxylate Metabolism,['Glyoxylate And Dicarboxylate Metabolism'],Glyoxylate And Dicarboxylate Metabolism
GLYt4,0.0160240380720592,0.0166243209934615,1.0374614013460814,Unchanged,Glycine + Sodium --> Glycine + Sodium,['Extracellular Transport'],Extracellular Transport,['Extracellular Transport'],Extracellular Transport
GLYtm,-0.0006002829222357,-0.0006002829217112,0.9999999991262455,Unchanged,Glycine <==> Glycine,"['Transport, Mitochondrial']","Transport, Mitochondrial",['Mitochondrial transport'],Mitochondrial transport
GMPR,1.2991498793253642,0.0,2000.0,Off,GMP + 2.0 proton + Nicotinamide adenine dinucleotide phosphate - reduced --> IMP + Nicotinamide adenine dinucleotide phosphate + Ammonium,"['Nucleotide Interconversion', 'Nucleotide Metabolism', 'Purine Metabolism']",Nucleotide Interconversion; Nucleotide Metabolism; Purine Metabolism,"['Nucleotide metabolism', 'Nitrogen disposal']",Nucleotide metabolism; Nitrogen disposal
GND,0.0059866901841598,0.005986690183325,0.9999999998605574,Unchanged,6-Phospho-D-gluconate + Nicotinamide adenine dinucleotide phosphate --> carbon dioxide + Nicotinamide adenine dinucleotide phosphate - reduced + D-ribulose 5-phosphate(2-),"['Glutathione Metabolism', 'Pentose Phosphate Pathway']",Glutathione Metabolism; Pentose Phosphate Pathway,['Redox & Pentose Metabolism'],Redox & Pentose Metabolism
GPAM_hs,0.0086727847502269,0.0086727847501525,0.9999999999914214,Unchanged,R total Coenzyme A + Glycerol 3-phosphate --> lysophosphatidic acid + Coenzyme A,['Triacylglycerol Synthesis'],Triacylglycerol Synthesis,['Lipid metabolism'],Lipid metabolism
GPDDA1,0.0045199074398141,0.0045199074397753,0.9999999999914156,Unchanged,sn-Glycero-3-phosphocholine + Water --> Choline + Glycerol 3-phosphate + proton,['Glycerophospholipid Metabolism'],Glycerophospholipid Metabolism,['Lipid metabolism'],Lipid metabolism
GUAPRT,0.0125004116227177,0.0122482927951819,0.9798311579534221,Unchanged,Guanine + 5-Phospho-alpha-D-ribose 1-diphosphate --> GMP + Diphosphate,"['Nucleotide Metabolism', 'Nucleotide Salvage Pathway', 'Purine Metabolism']",Nucleotide Metabolism; Nucleotide Salvage Pathway; Purine Metabolism,"['Nucleotide metabolism', 'Nucleotide Salvage Pathway', 'Nitrogen disposal']",Nucleotide metabolism; Nucleotide Salvage Pathway; Nitrogen disposal
H2O2t,-4.8290800025276965,-9.842631439055769,2.038200119671618,Increased,Hydrogen peroxide <==> Hydrogen peroxide,['Extracellular Transport'],Extracellular Transport,['Extracellular Transport'],Extracellular Transport
H2O2tp,-4.743239743130035,-9.78655579157342,2.0632639970914335,Increased,Hydrogen peroxide <==> Hydrogen peroxide,"['Transport, Peroxisomal']","Transport, Peroxisomal","['Transport, Peroxisomal']","Transport, Peroxisomal"
H2Oter,0.0,0.0003670301293984,1000.0,On,Water <==> Water,"['Transport, Endoplasmic Reticulum']","Transport, Endoplasmic Reticulum","['Transport, Endoplasmic Reticulum']","Transport, Endoplasmic Reticulum"
H2Otm,-16.618360165174806,-11.559459439042213,0.6955836390684351,Decreased,Water <==> Water,"['Transport, Mitochondrial']","Transport, Mitochondrial",['Mitochondrial transport'],Mitochondrial transport
HACD1m,-0.0369027184926626,-0.0369027184927639,1.0000000000027451,Unchanged,Acetoacetyl-CoA + proton + Nicotinamide adenine dinucleotide - reduced <==> (S)-3-hydroxybutanoyl-CoA(4-) + Nicotinamide adenine dinucleotide,"['Butanoate Metabolism', 'Fatty Acid Degradation', 'Fatty Acid Metabolism', 'Lysine Degradation', 'Tryptophan Metabolism']",Butanoate Metabolism; Fatty Acid Degradation; Fatty Acid Metabolism; Lysine Degradation; Tryptophan Metabolism,"['AA other', 'Lipid metabolism', 'AAA metabolism (Trp/Phe/Tyr)']",AA other; Lipid metabolism; AAA metabolism (Trp/Phe/Tyr)
HACD9m,0.0409643356480032,0.0409643356480734,1.0000000000017137,Unchanged,"(2S,3S)-3-hydroxy-2-methylbutanoyl-CoA(4-) + Nicotinamide adenine dinucleotide <==> 2-methylacetoacetyl-CoA(4-) + proton + Nicotinamide adenine dinucleotide - reduced","['Valine, Leucine And Isoleucine Biosynthesis', 'Valine, Leucine And Isoleucine Degradation']","Valine, Leucine And Isoleucine Biosynthesis; Valine, Leucine And Isoleucine Degradation",['BCAA metabolism (Val/Leu/Iso)'],BCAA metabolism (Val/Leu/Iso)
HEX1,0.0120280747178672,5.000000000000003,415.6941253925462,Increased,ATP + D-glucose --> ADP + D-Glucose 6-phosphate + proton,"['Glycolysis/Gluconeogenesis', 'Starch And Sucrose Metabolism']",Glycolysis/Gluconeogenesis; Starch And Sucrose Metabolism,"['Central Energy Metabolism', 'Starch And Sucrose Metabolism']",Central Energy Metabolism; Starch And Sucrose Metabolism
HIBDm,0.032576222209976,0.0325762222104225,1.0000000000137064,Unchanged,3-hydroxy-2-methylpropanoate + Nicotinamide adenine dinucleotide <==> 2-methyl-3-oxopropanoate + proton + Nicotinamide adenine dinucleotide - reduced,"['Valine, Leucine And Isoleucine Biosynthesis']","Valine, Leucine And Isoleucine Biosynthesis",['BCAA metabolism (Val/Leu/Iso)'],BCAA metabolism (Val/Leu/Iso)
HIStN1,0.006117294596919,0.006117294596872,0.9999999999923169,Unchanged,proton + L-Histidine + 2.0 Sodium <==> proton + L-histidine + 2.0 Sodium,['Extracellular Transport'],Extracellular Transport,['Extracellular Transport'],Extracellular Transport
HMGCOASim,0.0369027184926626,0.0369027184927639,1.0000000000027451,Unchanged,Acetoacetyl-CoA + Acetyl-CoA + Water --> Coenzyme A + proton + Hydroxymethylglutaryl-CoA,"['Butanoate Metabolism', 'Synthesis And Degradation Of Ketone Bodies', 'Terpenoid Backbone Biosynthesis', 'Valine, Leucine And Isoleucine Degradation']","Butanoate Metabolism; Synthesis And Degradation Of Ketone Bodies; Terpenoid Backbone Biosynthesis; Valine, Leucine And Isoleucine Degradation","['AA other', 'Lipid metabolism', 'Terpenoid Backbone Biosynthesis', 'BCAA metabolism (Val/Leu/Iso)']",AA other; Lipid metabolism; Terpenoid Backbone Biosynthesis; BCAA metabolism (Val/Leu/Iso)
HMGLm,0.0369027184926626,0.0369027184932394,1.0000000000156304,Unchanged,Hydroxymethylglutaryl-CoA --> acetoacetate + Acetyl-CoA,"['Butanoate Metabolism', 'Cholesterol Metabolism', 'Valine, Leucine And Isoleucine Degradation']","Butanoate Metabolism; Cholesterol Metabolism; Valine, Leucine And Isoleucine Degradation","['AA other', 'Lipid metabolism', 'BCAA metabolism (Val/Leu/Iso)']",AA other; Lipid metabolism; BCAA metabolism (Val/Leu/Iso)
HMR_9609,0.0,0.2776277523866118,1000.0,On,Biotin + 2.0 Sodium --> Biotin + 2.0 Sodium,['Extracellular Transport'],Extracellular Transport,['Extracellular Transport'],Extracellular Transport
HUMANGEM_MAR00120,0.0002521188272055,0.0002521188272033,0.9999999999912739,Unchanged,CDP-diacylglycerol(2-) <==> CDP-diacylglycerol(2-),"['Transport, Mitochondrial']","Transport, Mitochondrial",['Mitochondrial transport'],Mitochondrial transport
HUMANGEM_MAR00466,0.0,0.0003670301293981,1000.0,On,phosphatidylserine <==> phosphatidylserine,"['Transport, Endoplasmic Reticulum']","Transport, Endoplasmic Reticulum","['Transport, Endoplasmic Reticulum']","Transport, Endoplasmic Reticulum"
HUMANGEM_MAR00587,-0.0001131962081331,-0.0001131962081321,0.9999999999911658,Unchanged,cardiolipin <==> cardiolipin,"['Transport, Mitochondrial']","Transport, Mitochondrial",['Mitochondrial transport'],Mitochondrial transport
HUMANGEM_MAR00730,0.0,0.0003670301293981,1000.0,On,N-acylsphingosine <==> N-acylsphingosine,"['Transport, Endoplasmic Reticulum']","Transport, Endoplasmic Reticulum","['Transport, Endoplasmic Reticulum']","Transport, Endoplasmic Reticulum"
HUMANGEM_MAR00771,0.0,-0.0003670301293981,1000.0,On,sphingomyelin betaine <==> sphingomyelin betaine,"['Transport, Endoplasmic Reticulum']","Transport, Endoplasmic Reticulum","['Transport, Endoplasmic Reticulum']","Transport, Endoplasmic Reticulum"
HUMANGEM_MAR03953,0.0,-0.0003670301293981,1000.0,On,6-Phospho-D-gluconate <==> 6-Phospho-D-gluconate,"['Transport, Endoplasmic Reticulum']","Transport, Endoplasmic Reticulum","['Transport, Endoplasmic Reticulum']","Transport, Endoplasmic Reticulum"
HUMANGEM_MAR05036,0.0002521188272054,0.0,2000.0,Off,Guanosine --> Guanosine,"['Transport, Mitochondrial']","Transport, Mitochondrial",['Mitochondrial transport'],Mitochondrial transport
HUMANGEM_MAR05116,13.234515319787567,2.243913424210733,0.1695501021375334,Decreased,proton + L-phenylalanine --> proton + L-phenylalanine,"['Transport, Mitochondrial']","Transport, Mitochondrial",['Mitochondrial transport'],Mitochondrial transport
HUMANGEM_MAR07705,4.743239743130035,9.786555791573418,2.063263997091433,Increased,glycolate --> glycolate,"['Transport, Peroxisomal']","Transport, Peroxisomal","['Transport, Peroxisomal']","Transport, Peroxisomal"
HUMANGEM_MAR07707,-4.743239743130035,-9.786555791573416,2.0632639970914326,Increased,glyoxylate <==> glyoxylate,"['Transport, Peroxisomal']","Transport, Peroxisomal","['Transport, Peroxisomal']","Transport, Peroxisomal"
HUMANGEM_MAR08093,0.0409643356480033,0.0409643356480734,1.000000000001711,Unchanged,3-methyl-2-oxopentanoate + proton --> 3-methyl-2-oxopentanoate + proton,"['Transport, Mitochondrial']","Transport, Mitochondrial",['Mitochondrial transport'],Mitochondrial transport
HUMANGEM_MAR08526,0.0,0.0003670301293986,1000.0,On,Choline <==> Choline,"['Transport, Endoplasmic Reticulum']","Transport, Endoplasmic Reticulum","['Transport, Endoplasmic Reticulum']","Transport, Endoplasmic Reticulum"
HUMANGEM_MAR08651,0.0,-0.0026191544447801,1000.0,On,Carbamoyl phosphate + hydrogenphosphate + Diphosphate <==> Carbamoyl phosphate + hydrogenphosphate + Diphosphate,"['Transport, Mitochondrial']","Transport, Mitochondrial",['Mitochondrial transport'],Mitochondrial transport
HUMANGEM_MAR08737,0.0,-0.0003670301293986,1000.0,On,sphinganine(1+) <==> sphinganine(1+),"['Transport, Endoplasmic Reticulum']","Transport, Endoplasmic Reticulum","['Transport, Endoplasmic Reticulum']","Transport, Endoplasmic Reticulum"
HUMANGEM_MAR08891,0.0001389226190724,0.0001389226190712,0.9999999999913621,Unchanged,Glycerol 3-phosphate --> Glycerol 3-phosphate,"['Transport, Mitochondrial']","Transport, Mitochondrial",['Mitochondrial transport'],Mitochondrial transport
HUMANGEM_MAR11363,0.0001389226190724,0.0001389226190712,0.9999999999913621,Unchanged,phosphatidyl glycerol phosphate <==> phosphatidyl glycerol phosphate,"['Transport, Mitochondrial']","Transport, Mitochondrial",['Mitochondrial transport'],Mitochondrial transport
HUMANGEM_MAR11371,-0.0001131962081331,-0.0001131962081321,0.9999999999911658,Unchanged,phosphatidylglycerol(1-) <==> phosphatidylglycerol(1-),"['Transport, Mitochondrial']","Transport, Mitochondrial",['Mitochondrial transport'],Mitochondrial transport
HUMANGEM_MAR11443,-13.234515319787567,-2.243913424210733,0.1695501021375334,Decreased,proton + keto-phenylpyruvate <==> proton + keto-phenylpyruvate,"['Transport, Mitochondrial']","Transport, Mitochondrial",['Mitochondrial transport'],Mitochondrial transport
HUMANGEM_MAR13075,0.0,0.0002521188272033,1000.0,On,dCMP <==> dCMP,"['Transport, Mitochondrial']","Transport, Mitochondrial",['Mitochondrial transport'],Mitochondrial transport
HUMANGEM_MAR20136,0.0,-0.0002521188272033,1000.0,On,CTP + dCMP <==> CTP + dCMP,"['Transport, Mitochondrial']","Transport, Mitochondrial",['Mitochondrial transport'],Mitochondrial transport
HUMANGEM_MAR20139,1.2999499192527555,0.0010521587545891,0.0008093840685754323,Decreased,CTP + GMP <==> CTP + GMP,"['Transport, Mitochondrial']","Transport, Mitochondrial",['Mitochondrial transport'],Mitochondrial transport
HUMANGEM_MAR20145,-1.3002020380799613,-0.0010521587545891,0.0008092271229960902,Decreased,CTP + IMP <==> CTP + IMP,"['Transport, Mitochondrial']","Transport, Mitochondrial",['Mitochondrial transport'],Mitochondrial transport
HUMANGEM_MAR20147,-0.0013216171827758,-0.001321617182766,0.9999999999925849,Unchanged,CTP + UDP <==> CTP + UDP,"['Transport, Mitochondrial']","Transport, Mitochondrial",['Mitochondrial transport'],Mitochondrial transport
HUMANGEM_MAR20148,0.0013216171827758,0.001321617182766,0.9999999999925849,Unchanged,CTP + UMP <==> CTP + UMP,"['Transport, Mitochondrial']","Transport, Mitochondrial",['Mitochondrial transport'],Mitochondrial transport
ICDHym,0.7983403377775253,0.7605842227821293,0.9527067427151382,Unchanged,Isocitrate + Nicotinamide adenine dinucleotide phosphate --> 2-Oxoglutarate + carbon dioxide + Nicotinamide adenine dinucleotide phosphate - reduced,"['2-oxocarboxylic Acid Metabolism', 'Biosynthesis Of Amino Acids', 'Citric Acid Cycle', 'Glutathione Metabolism']",2-oxocarboxylic Acid Metabolism; Biosynthesis Of Amino Acids; Citric Acid Cycle; Glutathione Metabolism,"['2-oxocarboxylic Acid Metabolism', 'AA other', 'Central Energy Metabolism', 'Redox & Pentose Metabolism']",2-oxocarboxylic Acid Metabolism; AA other; Central Energy Metabolism; Redox & Pentose Metabolism
ILETA,0.0409643356480033,0.0409643356480734,1.000000000001711,Unchanged,2-Oxoglutarate + L-isoleucine <==> 3-methyl-2-oxopentanoate + L-glutamate(1-),"['2-oxocarboxylic Acid Metabolism', 'Biosynthesis Of Amino Acids', 'Valine, Leucine And Isoleucine Biosynthesis', 'Valine, Leucine And Isoleucine Degradation']","2-oxocarboxylic Acid Metabolism; Biosynthesis Of Amino Acids; Valine, Leucine And Isoleucine Biosynthesis; Valine, Leucine And Isoleucine Degradation","['2-oxocarboxylic Acid Metabolism', 'AA other', 'BCAA metabolism (Val/Leu/Iso)']",2-oxocarboxylic Acid Metabolism; AA other; BCAA metabolism (Val/Leu/Iso)
ILEtec,0.05,0.05,1.0,Unchanged,L-Isoleucine <==> L-isoleucine,['Extracellular Transport'],Extracellular Transport,['Extracellular Transport'],Extracellular Transport
IMPC,-0.0033675357391337,-0.003367535738545,0.9999999998251837,Unchanged,Water + IMP <==> 5-Formamido-1-(5-phospho-D-ribosyl)imidazole-4-carboxamide,"['Purine Metabolism', 'Purine Synthesis']",Purine Metabolism; Purine Synthesis,"['Nitrogen disposal', 'Nucleotide metabolism']",Nitrogen disposal; Nucleotide metabolism
INSTt4_2,0.0003121471193973,0.0003121471193951,0.999999999992952,Unchanged,Myo-Inositol + 2.0 Sodium <==> myo-inositol + 2.0 Sodium,['Extracellular Transport'],Extracellular Transport,['Extracellular Transport'],Extracellular Transport
KCCt,0.0499999999998408,0.0500000000000682,1.0000000000045481,Unchanged,Chloride + Potassium <==> Chloride + Potassium,['Extracellular Transport'],Extracellular Transport,['Extracellular Transport'],Extracellular Transport
KHK,3.1369849339895546,0.0,2000.0,Off,ATP + D-Fructose --> ADP + D-Fructose 1-phosphate + proton,['Fructose And Mannose Metabolism'],Fructose And Mannose Metabolism,['Fructose And Mannose Metabolism'],Fructose And Mannose Metabolism
KYN3OX,0.0067350714781537,0.0067350714770896,0.999999999842006,Unchanged,L-kynurenine + proton + Nicotinamide adenine dinucleotide phosphate - reduced + O2 --> Water + 3-hydroxy-L-kynurenine + Nicotinamide adenine dinucleotide phosphate,['Tryptophan Metabolism'],Tryptophan Metabolism,['AAA metabolism (Trp/Phe/Tyr)'],AAA metabolism (Trp/Phe/Tyr)
MALtm,-13.342900534715646,-9.639159799418422,0.7224186206244432,Decreased,(S)-malate(2-) + hydrogenphosphate <==> (S)-malate(2-) + hydrogenphosphate,"['Transport, Mitochondrial']","Transport, Mitochondrial",['Mitochondrial transport'],Mitochondrial transport
MDH,-0.0260453669822227,-0.026045366983434,1.0000000000465075,Unchanged,(S)-malate(2-) + Nicotinamide adenine dinucleotide <==> proton + Nicotinamide adenine dinucleotide - reduced + Oxaloacetate,"['Citric Acid Cycle', 'Glyoxylate And Dicarboxylate Metabolism', 'Methane Metabolism', 'Pyruvate Metabolism']",Citric Acid Cycle; Glyoxylate And Dicarboxylate Metabolism; Methane Metabolism; Pyruvate Metabolism,"['Central Energy Metabolism', 'Glyoxylate And Dicarboxylate Metabolism', 'Methane Metabolism']",Central Energy Metabolism; Glyoxylate And Dicarboxylate Metabolism; Methane Metabolism
ME2m,1.5188136214140706,1.4433013914226047,0.9502820958893157,Unchanged,(S)-malate(2-) + Nicotinamide adenine dinucleotide phosphate --> carbon dioxide + Nicotinamide adenine dinucleotide phosphate - reduced + pyruvate,['Pyruvate Metabolism'],Pyruvate Metabolism,['Central Energy Metabolism'],Central Energy Metabolism
METAT,0.0,0.0006002829215696,1000.0,On,ATP + Water + L-methionine --> S-Adenosyl-L-methionine + hydrogenphosphate + Diphosphate,"['Biosynthesis Of Amino Acids', 'Cysteine And Methionine Metabolism', 'Folate Metabolism']",Biosynthesis Of Amino Acids; Cysteine And Methionine Metabolism; Folate Metabolism,"['AA other', 'Folate Metabolism']",AA other; Folate Metabolism
METt4,0.0053903348275358,0.0059906177490641,1.1113628263798818,Unchanged,L-Methionine + Sodium --> L-methionine + Sodium,['Extracellular Transport'],Extracellular Transport,['Extracellular Transport'],Extracellular Transport
MMEm,-0.0735405578579793,-0.073540557858496,1.000000000007026,Unchanged,(R)-methylmalonyl-CoA(5-) <==> (S)-methylmalonyl-CoA(5-),"['Glyoxylate And Dicarboxylate Metabolism', 'Propanoate Metabolism', 'Valine, Leucine And Isoleucine Biosynthesis', 'Valine, Leucine And Isoleucine Degradation']","Glyoxylate And Dicarboxylate Metabolism; Propanoate Metabolism; Valine, Leucine And Isoleucine Biosynthesis; Valine, Leucine And Isoleucine Degradation","['Glyoxylate And Dicarboxylate Metabolism', 'Propanoate Metabolism', 'BCAA metabolism (Val/Leu/Iso)']",Glyoxylate And Dicarboxylate Metabolism; Propanoate Metabolism; BCAA metabolism (Val/Leu/Iso)
MMMm,0.0735405578579793,0.073540557858496,1.000000000007026,Unchanged,(R)-methylmalonyl-CoA(5-) <==> Succinyl-CoA,"['Glyoxylate And Dicarboxylate Metabolism', 'Propanoate Metabolism', 'Valine, Leucine And Isoleucine Biosynthesis', 'Valine, Leucine And Isoleucine Degradation']","Glyoxylate And Dicarboxylate Metabolism; Propanoate Metabolism; Valine, Leucine And Isoleucine Biosynthesis; Valine, Leucine And Isoleucine Degradation","['Glyoxylate And Dicarboxylate Metabolism', 'Propanoate Metabolism', 'BCAA metabolism (Val/Leu/Iso)']",Glyoxylate And Dicarboxylate Metabolism; Propanoate Metabolism; BCAA metabolism (Val/Leu/Iso)
MMSAD1m,0.032576222209976,0.0325762222104225,1.0000000000137064,Unchanged,2-methyl-3-oxopropanoate + Coenzyme A + Nicotinamide adenine dinucleotide --> carbon dioxide + Nicotinamide adenine dinucleotide - reduced + Propanoyl-CoA,"['Valine, Leucine And Isoleucine Biosynthesis', 'Valine, Leucine And Isoleucine Degradation']","Valine, Leucine And Isoleucine Biosynthesis; Valine, Leucine And Isoleucine Degradation",['BCAA metabolism (Val/Leu/Iso)'],BCAA metabolism (Val/Leu/Iso)
NADH2_u10m,6.983878167262023,4.082929205722017,0.5846220549581407,Decreased,5.0 proton + Nicotinamide adenine dinucleotide - reduced + ubiquinone-10 --> 4.0 proton + Nicotinamide adenine dinucleotide + Ubiquinol-10,['Oxidative Phosphorylation'],Oxidative Phosphorylation,['Oxidative Phosphorylation'],Oxidative Phosphorylation
NDPK1,0.0029348175071339,0.0029348175065489,0.9999999998006691,Unchanged,ATP + GDP <==> ADP + GTP,"['Nucleotide Interconversion', 'Nucleotide Metabolism', 'Purine Metabolism']",Nucleotide Interconversion; Nucleotide Metabolism; Purine Metabolism,"['Nucleotide metabolism', 'Nitrogen disposal']",Nucleotide metabolism; Nitrogen disposal
NDPK10,0.0006002829219179,0.0006002829219133,0.9999999999923369,Unchanged,ATP + dIDP <==> ADP + dITP(4-),"['Nucleotide Interconversion', 'Nucleotide Metabolism', 'Purine Metabolism']",Nucleotide Interconversion; Nucleotide Metabolism; Purine Metabolism,"['Nucleotide metabolism', 'Nitrogen disposal']",Nucleotide metabolism; Nitrogen disposal
NDPK10n,-0.0006002829219179,-0.0006002829219137,0.9999999999930034,Unchanged,ATP + dIDP <==> ADP + dITP(4-),"['Nucleotide Interconversion', 'Nucleotide Metabolism', 'Purine Metabolism']",Nucleotide Interconversion; Nucleotide Metabolism; Purine Metabolism,"['Nucleotide metabolism', 'Nitrogen disposal']",Nucleotide metabolism; Nitrogen disposal
NDPK1m,-1.4870853417081766,-1.411573111716668,0.9492213204759523,Unchanged,ATP + GDP <==> ADP + GTP,"['Nucleotide Interconversion', 'Nucleotide Metabolism', 'Purine Metabolism']",Nucleotide Interconversion; Nucleotide Metabolism; Purine Metabolism,"['Nucleotide metabolism', 'Nitrogen disposal']",Nucleotide metabolism; Nitrogen disposal
NDPK3m,-0.0010694983555702,-0.0010694983555627,0.9999999999929875,Unchanged,ATP + CDP <==> ADP + CTP,"['Nucleotide Interconversion', 'Nucleotide Metabolism', 'Pyrimidine Metabolism']",Nucleotide Interconversion; Nucleotide Metabolism; Pyrimidine Metabolism,['Nucleotide metabolism'],Nucleotide metabolism
NDPK4n,0.0006002829219179,0.0006002829219128,0.9999999999915039,Unchanged,ATP + dTDP <==> ADP + dTTP,"['Nucleotide Interconversion', 'Nucleotide Metabolism', 'Pyrimidine Metabolism']",Nucleotide Interconversion; Nucleotide Metabolism; Pyrimidine Metabolism,['Nucleotide metabolism'],Nucleotide metabolism
NDPK5,0.0004327182319997,0.0004327182319966,0.999999999992836,Unchanged,ATP + dGDP <==> ADP + dGTP,"['Nucleotide Interconversion', 'Nucleotide Metabolism', 'Purine Metabolism']",Nucleotide Interconversion; Nucleotide Metabolism; Purine Metabolism,"['Nucleotide metabolism', 'Nitrogen disposal']",Nucleotide metabolism; Nitrogen disposal
NDPK6m,0.0006002829220316,0.0006002829218,0.999999999614182,Unchanged,ATP + dUDP <==> ADP + dUTP,"['Nucleotide Interconversion', 'Nucleotide Metabolism', 'Pyrimidine Metabolism']",Nucleotide Interconversion; Nucleotide Metabolism; Pyrimidine Metabolism,['Nucleotide metabolism'],Nucleotide metabolism
NDPK8,0.0012005658437222,0.001200565843941,1.0000000001822473,Unchanged,ATP + dADP <==> ADP + dATP,"['Nucleotide Interconversion', 'Nucleotide Metabolism', 'Purine Metabolism']",Nucleotide Interconversion; Nucleotide Metabolism; Purine Metabolism,"['Nucleotide metabolism', 'Nitrogen disposal']",Nucleotide metabolism; Nitrogen disposal
NDPK8m,0.0006002829220316,0.0006002829218,0.999999999614182,Unchanged,ATP + dADP --> ADP + dATP,"['Nucleotide Interconversion', 'Nucleotide Metabolism', 'Purine Metabolism']",Nucleotide Interconversion; Nucleotide Metabolism; Purine Metabolism,"['Nucleotide metabolism', 'Nitrogen disposal']",Nucleotide metabolism; Nitrogen disposal
NH4t,-1.32749276106161,-0.0010330011535686,0.0007781595379416594,Decreased,Ammonium <==> Ammonium,['Extracellular Transport'],Extracellular Transport,['Extracellular Transport'],Extracellular Transport
NTD2,0.0039407716278019,0.0039407716275462,0.9999999999351142,Unchanged,Water + UMP --> hydrogenphosphate + Uridine,"['Nucleotide Metabolism', 'Pyrimidine Catabolism', 'Pyrimidine Metabolism']",Nucleotide Metabolism; Pyrimidine Catabolism; Pyrimidine Metabolism,['Nucleotide metabolism'],Nucleotide metabolism
NTD7,0.0006002829219179,0.0,2000.0,Off,AMP + Water --> Adenosine + hydrogenphosphate,"['Nucleotide Interconversion', 'Nucleotide Metabolism', 'Purine Metabolism']",Nucleotide Interconversion; Nucleotide Metabolism; Purine Metabolism,"['Nucleotide metabolism', 'Nitrogen disposal']",Nucleotide metabolism; Nitrogen disposal
NTD8,0.0122482927955121,0.0122482927951819,0.9999999999730412,Unchanged,dGMP + Water --> Deoxyguanosine + hydrogenphosphate,"['Nucleotide Interconversion', 'Nucleotide Metabolism', 'Purine Metabolism']",Nucleotide Interconversion; Nucleotide Metabolism; Purine Metabolism,"['Nucleotide metabolism', 'Nitrogen disposal']",Nucleotide metabolism; Nitrogen disposal
NTD9m,0.0002521188272053,0.0,2000.0,Off,GMP + Water --> Guanosine + hydrogenphosphate,['Nucleotide Interconversion'],Nucleotide Interconversion,['Nucleotide metabolism'],Nucleotide metabolism
O2Stm,-0.0858402593976618,-0.0560756474823472,0.653255801832708,Decreased,superoxide <==> superoxide,"['Transport, Mitochondrial']","Transport, Mitochondrial",['Mitochondrial transport'],Mitochondrial transport
O2t,9.049089886098836,12.604175338774322,1.3928666305035593,Increased,O2 <==> O2,['Extracellular Transport'],Extracellular Transport,['Extracellular Transport'],Extracellular Transport
O2tm,4.292012969883092,2.8037823741173638,0.6532558018327085,Decreased,O2 <==> O2,"['Transport, Mitochondrial']","Transport, Mitochondrial",['Mitochondrial transport'],Mitochondrial transport
O2tp,4.743239743130035,9.78655579157342,2.0632639970914335,Increased,O2 <==> O2,"['Transport, Peroxisomal']","Transport, Peroxisomal","['Transport, Peroxisomal']","Transport, Peroxisomal"
OMPDC,0.0026191544450261,0.0026191544447801,0.9999999999060766,Unchanged,proton + Orotidine 5-phosphate --> carbon dioxide + UMP,"['Pyrimidine Metabolism', 'Pyrimidine Synthesis']",Pyrimidine Metabolism; Pyrimidine Synthesis,['Nucleotide metabolism'],Nucleotide metabolism
ORNTArm,0.0,0.0006002829215696,1000.0,On,2-Oxoglutarate + Ornithine <==> L-Glutamate 5-semialdehyde + L-glutamate(1-),"['Arginine And Proline Metabolism', 'Urea Cycle']",Arginine And Proline Metabolism; Urea Cycle,"['Arginine And Proline Metabolism', 'Nitrogen disposal']",Arginine And Proline Metabolism; Nitrogen disposal
ORNt3m,0.0,-0.0006002829215696,1000.0,On,proton + Ornithine <==> proton + Ornithine,"['Transport, Mitochondrial']","Transport, Mitochondrial",['Mitochondrial transport'],Mitochondrial transport
ORPT,0.0026191544450261,0.0026191544447801,0.9999999999060766,Unchanged,Orotate + 5-Phospho-alpha-D-ribose 1-diphosphate --> Orotidine 5-phosphate + Diphosphate,"['Pyrimidine Metabolism', 'Pyrimidine Synthesis']",Pyrimidine Metabolism; Pyrimidine Synthesis,['Nucleotide metabolism'],Nucleotide metabolism
P5CDm,0.0383563979182604,0.0,2000.0,Off,1-Pyrroline-5-carboxylate + 2.0 Water + Nicotinamide adenine dinucleotide --> L-glutamate(1-) + proton + Nicotinamide adenine dinucleotide - reduced,"['Alanine, Aspartate And Glutamate Metabolism']","Alanine, Aspartate And Glutamate Metabolism",['AA other'],AA other
PCm,0.7983403377775254,0.7605842227817884,0.952706742714711,Unchanged,ATP + Bicarbonate + pyruvate --> ADP + proton + Oxaloacetate + hydrogenphosphate,"['Biosynthesis Of Amino Acids', 'Citric Acid Cycle', 'Pyruvate Metabolism']",Biosynthesis Of Amino Acids; Citric Acid Cycle; Pyruvate Metabolism,"['AA other', 'Central Energy Metabolism']",AA other; Central Energy Metabolism
PCt,0.0045199074398141,0.0045199074397753,0.9999999999914156,Unchanged,ATP + Water + Phosphatidylcholine --> ADP + proton + Phosphatidylcholine + hydrogenphosphate,['Extracellular Transport'],Extracellular Transport,['Extracellular Transport'],Extracellular Transport
PDHm,0.7573760021292076,0.7196198871340558,0.9501487835777629,Unchanged,Coenzyme A + Nicotinamide adenine dinucleotide + pyruvate --> Acetyl-CoA + carbon dioxide + Nicotinamide adenine dinucleotide - reduced,"['2-oxocarboxylic Acid Metabolism', 'Glycolysis/Gluconeogenesis']",2-oxocarboxylic Acid Metabolism; Glycolysis/Gluconeogenesis,"['2-oxocarboxylic Acid Metabolism', 'Central Energy Metabolism']",2-oxocarboxylic Acid Metabolism; Central Energy Metabolism
PE_HSter,-0.0008575470313113,-0.000857547031304,0.9999999999914875,Unchanged,Phosphatidylethanolamine (gallus gallus) <==> phosphatidylethanolamine,"['Transport, Endoplasmic Reticulum']","Transport, Endoplasmic Reticulum","['Transport, Endoplasmic Reticulum']","Transport, Endoplasmic Reticulum"
PFK,0.0,4.987971925283013,1000.0,On,"ATP + D-Fructose 6-phosphate --> ADP + D-Fructose 1,6-bisphosphate + proton",['Glycolysis/Gluconeogenesis'],Glycolysis/Gluconeogenesis,['Central Energy Metabolism'],Central Energy Metabolism
PGCD,0.0006002829222357,0.0006002829217108,0.999999999125579,Unchanged,3-Phospho-D-glycerate + Nicotinamide adenine dinucleotide --> 3-phosphonatooxypyruvate(3-) + proton + Nicotinamide adenine dinucleotide - reduced,"['Alanine, Aspartate And Glutamate Metabolism', 'Biosynthesis Of Amino Acids', 'Cysteine And Methionine Metabolism', 'Glycine, Serine And Threonine Metabolism', 'Methane Metabolism']","Alanine, Aspartate And Glutamate Metabolism; Biosynthesis Of Amino Acids; Cysteine And Methionine Metabolism; Glycine, Serine And Threonine Metabolism; Methane Metabolism","['AA other', 'Methane Metabolism']",AA other; Methane Metabolism
PGI,0.0,4.987971925283019,1000.0,On,D-Glucose 6-phosphate <==> D-Fructose 6-phosphate,['Glycolysis/Gluconeogenesis'],Glycolysis/Gluconeogenesis,['Central Energy Metabolism'],Central Energy Metabolism
PGK,-6.269678068049624,-9.971652050636571,1.5904567893927863,Increased,3-Phospho-D-glycerate + ATP <==> 3-Phospho-D-glyceroyl phosphate + ADP,"['Biosynthesis Of Amino Acids', 'Glycolysis/Gluconeogenesis']",Biosynthesis Of Amino Acids; Glycolysis/Gluconeogenesis,"['AA other', 'Central Energy Metabolism']",AA other; Central Energy Metabolism
PGL,0.0059866901841598,0.0056196600539268,0.9386923126230708,Unchanged,"6-phospho-D-glucono-1,5-lactone + Water --> 6-Phospho-D-gluconate + proton",['Pentose Phosphate Pathway'],Pentose Phosphate Pathway,['Redox & Pentose Metabolism'],Redox & Pentose Metabolism
PGLer,0.0,0.0003670301293981,1000.0,On,"6-phospho-D-glucono-1,5-lactone + Water --> 6-Phospho-D-gluconate + proton",['Pentose Phosphate Pathway'],Pentose Phosphate Pathway,['Redox & Pentose Metabolism'],Redox & Pentose Metabolism
PGM,-6.269077785127388,-9.97105176771486,1.5905133273940144,Increased,D-Glycerate 2-phosphate <==> 3-Phospho-D-glycerate,"['Biosynthesis Of Amino Acids', 'Glycine, Serine And Threonine Metabolism', 'Glycolysis/Gluconeogenesis', 'Methane Metabolism']","Biosynthesis Of Amino Acids; Glycine, Serine And Threonine Metabolism; Glycolysis/Gluconeogenesis; Methane Metabolism","['AA other', 'Central Energy Metabolism', 'Methane Metabolism']",AA other; Central Energy Metabolism; Methane Metabolism
PGMT,-0.0013216171827758,-0.0013216171827663,0.9999999999928119,Unchanged,D-Glucose 1-phosphate <==> D-Glucose 6-phosphate,['Glycolysis/Gluconeogenesis'],Glycolysis/Gluconeogenesis,['Central Energy Metabolism'],Central Energy Metabolism
PGPPTm,0.0001389226190724,0.0001389226190712,0.9999999999913621,Unchanged,CDP-diacylglycerol(2-) + Glycerol 3-phosphate --> CMP + proton + phosphatidyl glycerol phosphate,['Glycerophospholipid Metabolism'],Glycerophospholipid Metabolism,['Lipid metabolism'],Lipid metabolism
PGPP_hs,0.0001389226190724,0.0001389226190712,0.9999999999913621,Unchanged,Water + phosphatidyl glycerol phosphate --> phosphatidylglycerol(1-) + hydrogenphosphate,['Glycerophospholipid Metabolism'],Glycerophospholipid Metabolism,['Lipid metabolism'],Lipid metabolism
PHETA1,13.234515319787567,2.243913424210733,0.1695501021375334,Decreased,2-Oxoglutarate + L-phenylalanine <==> L-glutamate(1-) + keto-phenylpyruvate,"['2-oxocarboxylic Acid Metabolism', 'Biosynthesis Of Amino Acids', 'Phenylalanine Metabolism', 'Phenylalanine, Tyrosine And Tryptophan Biosynthesis']","2-oxocarboxylic Acid Metabolism; Biosynthesis Of Amino Acids; Phenylalanine Metabolism; Phenylalanine, Tyrosine And Tryptophan Biosynthesis","['2-oxocarboxylic Acid Metabolism', 'AA other', 'AAA metabolism (Trp/Phe/Tyr)']",2-oxocarboxylic Acid Metabolism; AA other; AAA metabolism (Trp/Phe/Tyr)
PHETA1m,-13.234515319787567,-2.243913424210733,0.1695501021375334,Decreased,2-Oxoglutarate + L-phenylalanine <==> L-glutamate(1-) + keto-phenylpyruvate,"['2-oxocarboxylic Acid Metabolism', 'Biosynthesis Of Amino Acids', 'Phenylalanine Metabolism', 'Phenylalanine, Tyrosine And Tryptophan Biosynthesis']","2-oxocarboxylic Acid Metabolism; Biosynthesis Of Amino Acids; Phenylalanine Metabolism; Phenylalanine, Tyrosine And Tryptophan Biosynthesis","['2-oxocarboxylic Acid Metabolism', 'AA other', 'AAA metabolism (Trp/Phe/Tyr)']",2-oxocarboxylic Acid Metabolism; AA other; AAA metabolism (Trp/Phe/Tyr)
PHEt4,0.0196556296934,0.0196556296932524,0.9999999999924907,Unchanged,Sodium + L-phenylalanine --> Sodium + L-phenylalanine,['Extracellular Transport'],Extracellular Transport,['Extracellular Transport'],Extracellular Transport
PIt,0.3323963749605209,0.0,2000.0,Off,hydrogenphosphate --> hydrogenphosphate,['Extracellular Transport'],Extracellular Transport,['Extracellular Transport'],Extracellular Transport
PIt9,0.3594102555602307,0.0270138805983401,0.0751616855123742,Decreased,2.0 Sodium + hydrogenphosphate <==> 2.0 Sodium + hydrogenphosphate,['Extracellular Transport'],Extracellular Transport,['Extracellular Transport'],Extracellular Transport
PIter,0.0,-0.0026191544447801,1000.0,On,hydrogenphosphate <==> hydrogenphosphate,"['Transport, Endoplasmic Reticulum']","Transport, Endoplasmic Reticulum","['Transport, Endoplasmic Reticulum']","Transport, Endoplasmic Reticulum"
PPAm,0.2293650001448005,0.2297131642373707,1.0015179477790876,Unchanged,Water + Diphosphate --> proton + 2.0 hydrogenphosphate,['Oxidative Phosphorylation'],Oxidative Phosphorylation,['Oxidative Phosphorylation'],Oxidative Phosphorylation
PPCOACm,0.0735405578579793,0.073540557858496,1.000000000007026,Unchanged,ATP + Bicarbonate + Propanoyl-CoA --> ADP + proton + (S)-methylmalonyl-CoA(5-) + hydrogenphosphate,"['Glyoxylate And Dicarboxylate Metabolism', 'Propanoate Metabolism', 'Valine, Leucine And Isoleucine Biosynthesis', 'Valine, Leucine And Isoleucine Degradation']","Glyoxylate And Dicarboxylate Metabolism; Propanoate Metabolism; Valine, Leucine And Isoleucine Biosynthesis; Valine, Leucine And Isoleucine Degradation","['Glyoxylate And Dicarboxylate Metabolism', 'Propanoate Metabolism', 'BCAA metabolism (Val/Leu/Iso)']",Glyoxylate And Dicarboxylate Metabolism; Propanoate Metabolism; BCAA metabolism (Val/Leu/Iso)
PPItm,0.2287647172229056,0.229112881315656,1.0015219309034056,Unchanged,Diphosphate <==> Diphosphate,"['Transport, Mitochondrial']","Transport, Mitochondrial",['Mitochondrial transport'],Mitochondrial transport
PPItr,0.0,0.0026191544447801,1000.0,On,Diphosphate <==> Diphosphate,"['Transport, Endoplasmic Reticulum']","Transport, Endoplasmic Reticulum","['Transport, Endoplasmic Reticulum']","Transport, Endoplasmic Reticulum"
PPM,0.0125004116227177,0.012248292795179,0.9798311579531901,Unchanged,alpha-D-Ribose 1-phosphate <==> alpha-D-Ribose 5-phosphate,"['Pentose Phosphate Pathway', 'Purine Metabolism']",Pentose Phosphate Pathway; Purine Metabolism,"['Redox & Pentose Metabolism', 'Nitrogen disposal']",Redox & Pentose Metabolism; Nitrogen disposal
PRAGSr,0.0033675357391337,0.0033675357385445,0.9999999998250352,Unchanged,ATP + Glycine + 5-Phospho-beta-D-ribosylamine <==> ADP + N1-(5-Phospho-D-ribosyl)glycinamide + proton + hydrogenphosphate,"['Purine Metabolism', 'Purine Synthesis']",Purine Metabolism; Purine Synthesis,"['Nitrogen disposal', 'Nucleotide metabolism']",Nitrogen disposal; Nucleotide metabolism
PRASCS,0.0033675357391337,0.003367535738545,0.9999999998251837,Unchanged,5-amino-1-(5-phospho-D-ribosyl)imidazole-4-carboxylate + L-aspartate(1-) + ATP <==> (S)-2-[5-Amino-1-(5-phospho-D-ribosyl)imidazole-4-carboxamido]succinate + ADP + proton + hydrogenphosphate,"['Purine Metabolism', 'Purine Synthesis']",Purine Metabolism; Purine Synthesis,"['Nitrogen disposal', 'Nucleotide metabolism']",Nitrogen disposal; Nucleotide metabolism
PRFGS,0.0033675357391337,0.0033675357385445,0.9999999998250352,Unchanged,ATP + N2-Formyl-N1-(5-phospho-D-ribosyl)glycinamide + L-glutamine + Water --> ADP + 2-(Formamido)-N1-(5-phospho-D-ribosyl)acetamidine + L-glutamate(1-) + proton + hydrogenphosphate,"['Purine Metabolism', 'Purine Synthesis']",Purine Metabolism; Purine Synthesis,"['Nitrogen disposal', 'Nucleotide metabolism']",Nitrogen disposal; Nucleotide metabolism
PRO1xm,0.0383563979182604,0.0,2000.0,Off,Nicotinamide adenine dinucleotide + L-proline --> 1-Pyrroline-5-carboxylate + 2.0 proton + Nicotinamide adenine dinucleotide - reduced,"['Arginine And Proline Metabolism', 'Biosynthesis Of Amino Acids']",Arginine And Proline Metabolism; Biosynthesis Of Amino Acids,"['Arginine And Proline Metabolism', 'AA other']",Arginine And Proline Metabolism; AA other
PROt4,0.05,0.0116436020816488,0.23287204163297598,Decreased,Sodium + L-Proline --> Sodium + L-proline,['Extracellular Transport'],Extracellular Transport,['Extracellular Transport'],Extracellular Transport
PROtm,0.0383563979182603,0.0,2000.0,Off,L-proline --> L-proline,"['Transport, Mitochondrial']","Transport, Mitochondrial",['Mitochondrial transport'],Mitochondrial transport
PRPPS,0.0184871018068775,0.0182349829785066,0.9863624471264009,Unchanged,ATP + alpha-D-Ribose 5-phosphate <==> AMP + proton + 5-Phospho-alpha-D-ribose 1-diphosphate,"['Biosynthesis Of Amino Acids', 'Pentose Phosphate Pathway', 'Purine Metabolism']",Biosynthesis Of Amino Acids; Pentose Phosphate Pathway; Purine Metabolism,"['AA other', 'Redox & Pentose Metabolism', 'Nitrogen disposal']",AA other; Redox & Pentose Metabolism; Nitrogen disposal
PSDm_hs,0.0008575470313113,0.000857547031304,0.9999999999914875,Unchanged,proton + phosphatidylserine --> carbon dioxide + phosphatidylethanolamine,['Glycerophospholipid Metabolism'],Glycerophospholipid Metabolism,['Lipid metabolism'],Lipid metabolism
PSERT,0.0006002829222357,0.0006002829217112,0.9999999991262455,Unchanged,3-phosphonatooxypyruvate(3-) + L-glutamate(1-) --> 2-Oxoglutarate + O-Phospho-L-serine,"['Alanine, Aspartate And Glutamate Metabolism', 'Biosynthesis Of Amino Acids', 'Cysteine And Methionine Metabolism', 'Glycine, Serine And Threonine Metabolism', 'Methane Metabolism']","Alanine, Aspartate And Glutamate Metabolism; Biosynthesis Of Amino Acids; Cysteine And Methionine Metabolism; Glycine, Serine And Threonine Metabolism; Methane Metabolism","['AA other', 'Methane Metabolism']",AA other; Methane Metabolism
PSERtm,-0.0006002829222357,-0.0006002829217112,0.9999999991262455,Unchanged,O-Phospho-L-serine <==> O-Phospho-L-serine,"['Transport, Mitochondrial']","Transport, Mitochondrial",['Mitochondrial transport'],Mitochondrial transport
PSFLIP,0.0008575470313113,0.000857547031304,0.9999999999914875,Unchanged,ATP + Water + phosphatidylserine --> ADP + proton + hydrogenphosphate + phosphatidylserine,['Extracellular Transport'],Extracellular Transport,['Extracellular Transport'],Extracellular Transport
PSP__Lm,0.0006002829222357,0.0006002829217112,0.9999999991262455,Unchanged,Water + O-Phospho-L-serine --> hydrogenphosphate + L-serine,"['Alanine, Aspartate And Glutamate Metabolism', 'Glycine, Serine And Threonine Metabolism']","Alanine, Aspartate And Glutamate Metabolism; Glycine, Serine And Threonine Metabolism",['AA other'],AA other
PSSA1_hs,0.0011405375516441,0.0015075676810324,1.321804511266833,Increased,Phosphatidylcholine + L-serine <==> Choline + phosphatidylserine,['Glycerophospholipid Metabolism'],Glycerophospholipid Metabolism,['Lipid metabolism'],Lipid metabolism
PSSA1r_hs,0.0,-0.0003670301293981,1000.0,On,Phosphatidylcholine + L-serine <==> Choline + phosphatidylserine,['Glycerophospholipid Metabolism'],Glycerophospholipid Metabolism,['Lipid metabolism'],Lipid metabolism
PUNP1,0.0006002829219179,0.0006002829219107,0.9999999999880055,Unchanged,Adenosine + hydrogenphosphate <==> Adenine + alpha-D-Ribose 1-phosphate,"['Nucleotide Interconversion', 'Nucleotide Metabolism', 'Purine Metabolism']",Nucleotide Interconversion; Nucleotide Metabolism; Purine Metabolism,"['Nucleotide metabolism', 'Nitrogen disposal']",Nucleotide metabolism; Nitrogen disposal
PUNP2,-0.0006002829219179,-0.0006002829219135,0.9999999999926701,Unchanged,Deoxyadenosine + hydrogenphosphate <==> 2-Deoxy-D-ribose 1-phosphate + Adenine,"['Nucleotide Metabolism', 'Purine Catabolism', 'Purine Metabolism']",Nucleotide Metabolism; Purine Catabolism; Purine Metabolism,"['Nucleotide metabolism', 'Purine Catabolism', 'Nitrogen disposal']",Nucleotide metabolism; Purine Catabolism; Nitrogen disposal
PUNP3,0.0002521188272054,0.0,2000.0,Off,Guanosine + hydrogenphosphate <==> Guanine + alpha-D-Ribose 1-phosphate,"['Nucleotide Metabolism', 'Purine Catabolism', 'Purine Metabolism']",Nucleotide Metabolism; Purine Catabolism; Purine Metabolism,"['Nucleotide metabolism', 'Purine Catabolism', 'Nitrogen disposal']",Nucleotide metabolism; Purine Catabolism; Nitrogen disposal
PUNP4,0.0122482927955123,0.0122482927951819,0.9999999999730249,Unchanged,Deoxyguanosine + hydrogenphosphate <==> 2-Deoxy-D-ribose 1-phosphate + Guanine,"['Nucleotide Metabolism', 'Purine Catabolism', 'Purine Metabolism']",Nucleotide Metabolism; Purine Catabolism; Purine Metabolism,"['Nucleotide metabolism', 'Purine Catabolism', 'Nitrogen disposal']",Nucleotide metabolism; Purine Catabolism; Nitrogen disposal
PYK,6.269077785127523,9.971051767714858,1.5905133273939798,Increased,ADP + proton + Phosphoenolpyruvate --> ATP + pyruvate,"['Biosynthesis Of Amino Acids', 'Glycolysis/Gluconeogenesis', 'Pyruvate Metabolism']",Biosynthesis Of Amino Acids; Glycolysis/Gluconeogenesis; Pyruvate Metabolism,"['AA other', 'Central Energy Metabolism']",AA other; Central Energy Metabolism
PYNP2r,0.0116480098735942,0.0116480098732683,0.999999999972021,Unchanged,hydrogenphosphate + Uridine <==> alpha-D-Ribose 1-phosphate + uracil,"['Nucleotide Metabolism', 'Pyrimidine Catabolism', 'Pyrimidine Metabolism']",Nucleotide Metabolism; Pyrimidine Catabolism; Pyrimidine Metabolism,['Nucleotide metabolism'],Nucleotide metabolism
PYRt2,-6.26656784787251,-8.70654778320596,1.389364640193247,Increased,proton + Pyruvate <==> proton + pyruvate,['Extracellular Transport'],Extracellular Transport,['Extracellular Transport'],Extracellular Transport
RE0452M,0.0006002829220316,0.0006002829217991,0.9999999996126826,Unchanged,dATP + dTMP <==> dADP + dTDP,['Pyrimidine Synthesis'],Pyrimidine Synthesis,['Nucleotide metabolism'],Nucleotide metabolism
RE0915C,3.1369849339895546,0.0,2000.0,Off,Water + Maltotetraose <==> D-Fructose + maltotriose,['Starch And Sucrose Metabolism'],Starch And Sucrose Metabolism,['Starch And Sucrose Metabolism'],Starch And Sucrose Metabolism
RE0915E,-3.136984933989555,0.0,2000.0,Off,Water + Maltotetraose <==> D-glucose + maltotriose,['Starch And Sucrose Metabolism'],Starch And Sucrose Metabolism,['Starch And Sucrose Metabolism'],Starch And Sucrose Metabolism
RE2675C,0.0003670301294012,0.0003670301293981,0.9999999999915539,Unchanged,dihydroceramide + proton + Nicotinamide adenine dinucleotide - reduced + O2 --> N-acylsphingosine + 2.0 Water + Nicotinamide adenine dinucleotide,['Sphingolipid Metabolism'],Sphingolipid Metabolism,['Lipid metabolism'],Lipid metabolism
RNDR2,0.0126810110275117,0.012681011027178,0.999999999973685,Unchanged,GDP + Reduced thioredoxin --> dGDP + Water + Oxidized thioredoxin,['Nucleotide Interconversion'],Nucleotide Interconversion,['Nucleotide metabolism'],Nucleotide metabolism
RNDR3,0.0008654364639994,0.0008654364639932,0.999999999992836,Unchanged,CDP + Reduced thioredoxin --> dCDP + Water + Oxidized thioredoxin,['Nucleotide Interconversion'],Nucleotide Interconversion,['Nucleotide metabolism'],Nucleotide metabolism
RPI,-0.0059866901841598,-0.0059866901833275,0.999999999860975,Unchanged,alpha-D-Ribose 5-phosphate <==> D-ribulose 5-phosphate(2-),"['Biosynthesis Of Amino Acids', 'Pentose Phosphate Pathway']",Biosynthesis Of Amino Acids; Pentose Phosphate Pathway,"['AA other', 'Redox & Pentose Metabolism']",AA other; Redox & Pentose Metabolism
RTOTALt,0.0045199074398141,0.0045199074397753,0.9999999999914156,Unchanged,R total <==> R total,['Extracellular Transport'],Extracellular Transport,['Extracellular Transport'],Extracellular Transport
R_group_phosphotase_1,0.0090398148796282,0.0090398148795506,0.9999999999914156,Unchanged,R total + ATP + Coenzyme A --> R total Coenzyme A + AMP + Diphosphate,['Unknown'],Unknown,['Unknown'],Unknown
SACCD3m,0.0369027184926626,0.0369027184927639,1.0000000000027451,Unchanged,2-Oxoglutarate + proton + L-lysinium(1+) + Nicotinamide adenine dinucleotide phosphate - reduced --> Water + Nicotinamide adenine dinucleotide phosphate + L-saccharopinate(1-),"['Lysine Degradation', 'Lysine Metabolism']",Lysine Degradation; Lysine Metabolism,"['AA other', 'Lysine Metabolism']",AA other; Lysine Metabolism
SERPT,0.0003670301294012,0.0,2000.0,Off,proton + Palmitoyl-CoA (n-C16:0CoA) + L-serine --> (2S)-1-hydroxy-3-oxooctadecan-2-aminium + carbon dioxide + Coenzyme A,['Sphingolipid Metabolism'],Sphingolipid Metabolism,['Lipid metabolism'],Lipid metabolism
SERPTr,0.0,0.0003670301293981,1000.0,On,proton + Palmitoyl-CoA (n-C16:0CoA) + L-serine --> (2S)-1-hydroxy-3-oxooctadecan-2-aminium + carbon dioxide + Coenzyme A,['Sphingolipid Metabolism'],Sphingolipid Metabolism,['Lipid metabolism'],Lipid metabolism
SERt4,0.0225906358608856,0.0231909187824517,1.0265722012103897,Unchanged,Sodium + L-Serine --> Sodium + L-serine,['Extracellular Transport'],Extracellular Transport,['Extracellular Transport'],Extracellular Transport
SMS,0.0003670301294012,0.0,2000.0,Off,N-acylsphingosine + Phosphatidylcholine --> diglyceride + sphingomyelin betaine,['Sphingolipid Metabolism'],Sphingolipid Metabolism,['Lipid metabolism'],Lipid metabolism
SMSr,0.0,0.0003670301293981,1000.0,On,N-acylsphingosine + Phosphatidylcholine --> diglyceride + sphingomyelin betaine,['Sphingolipid Metabolism'],Sphingolipid Metabolism,['Lipid metabolism'],Lipid metabolism
SUCOAS1m,-1.4870853417081766,-1.4115731117166677,0.949221320475952,Unchanged,Coenzyme A + GTP + Succinate <==> GDP + hydrogenphosphate + Succinyl-CoA,"['Citric Acid Cycle', 'Propanoate Metabolism']",Citric Acid Cycle; Propanoate Metabolism,"['Central Energy Metabolism', 'Propanoate Metabolism']",Central Energy Metabolism; Propanoate Metabolism
THRD__L,0.0279101635042464,0.0,2000.0,Off,L-Threonine --> 2-Oxobutanoate + Ammonium,"['Alanine, Aspartate And Glutamate Metabolism', 'Biosynthesis Of Amino Acids', 'Glycine, Serine And Threonine Metabolism', 'Valine, Leucine And Isoleucine Biosynthesis']","Alanine, Aspartate And Glutamate Metabolism; Biosynthesis Of Amino Acids; Glycine, Serine And Threonine Metabolism; Valine, Leucine And Isoleucine Biosynthesis","['AA other', 'BCAA metabolism (Val/Leu/Iso)']",AA other; BCAA metabolism (Val/Leu/Iso)
THRt4,0.0435098015508317,0.0155996380464666,0.35853158346957364,Decreased,Sodium + L-Threonine --> Sodium + L-Threonine,['Extracellular Transport'],Extracellular Transport,['Extracellular Transport'],Extracellular Transport
TMDSm,0.0006002829218946,0.0006002829217112,0.9999999996944775,Unchanged,"dUMP + 5,10-Methylenetetrahydrofolate --> 7,8-Dihydrofolate + dTMP",['Nucleotide Interconversion'],Nucleotide Interconversion,['Nucleotide metabolism'],Nucleotide metabolism
TPI,3.132693134060069,4.983680125353558,1.5908612532675845,Increased,Dihydroxyacetone phosphate <==> Glyceraldehyde 3-phosphate,['Glycolysis/Gluconeogenesis'],Glycolysis/Gluconeogenesis,['Central Energy Metabolism'],Central Energy Metabolism
TRDR,0.002066002307949,0.0020660023077056,0.999999999882188,Unchanged,proton + Nicotinamide adenine dinucleotide phosphate - reduced + Oxidized thioredoxin --> Nicotinamide adenine dinucleotide phosphate + Reduced thioredoxin,['Nucleotide Interconversion'],Nucleotide Interconversion,['Nucleotide metabolism'],Nucleotide metabolism
TRIOK,3.1369849339895546,0.0,2000.0,Off,ATP + D-Glyceraldehyde --> ADP + Glyceraldehyde 3-phosphate + proton,['Fructose And Mannose Metabolism'],Fructose And Mannose Metabolism,['Fructose And Mannose Metabolism'],Fructose And Mannose Metabolism
TRPO2,0.0067350714781537,0.0067350714770896,0.999999999842006,Unchanged,O2 + L-tryptophan --> N-formyl-L-kynurenine,['Tryptophan Metabolism'],Tryptophan Metabolism,['AAA metabolism (Trp/Phe/Tyr)'],AAA metabolism (Trp/Phe/Tyr)
TRPt,0.0107655768271984,0.0107655768261035,0.9999999998982961,Unchanged,L-Tryptophan <==> L-tryptophan,['Extracellular Transport'],Extracellular Transport,['Extracellular Transport'],Extracellular Transport
TYRPHELAT2tc,0.0079737810140644,0.0079737810140039,0.9999999999924126,Unchanged,L-phenylalanine + L-Tyrosine <==> L-phenylalanine + L-tyrosine,['Extracellular Transport'],Extracellular Transport,['Extracellular Transport'],Extracellular Transport
UMPK2m,-0.0013216171827758,-0.001321617182766,0.9999999999925849,Unchanged,CTP + UMP <==> CDP + UDP,['Nucleotide Interconversion'],Nucleotide Interconversion,['Nucleotide metabolism'],Nucleotide metabolism
URIDK2,0.0120807281055939,0.0120807281052647,0.99999999997275,Unchanged,ATP + dUMP <==> ADP + dUDP,"['Nucleotide Interconversion', 'Nucleotide Metabolism', 'Pyrimidine Metabolism']",Nucleotide Interconversion; Nucleotide Metabolism; Pyrimidine Metabolism,['Nucleotide metabolism'],Nucleotide metabolism
URIt5,0.0077072382457922,0.0077072382457221,0.9999999999909046,Unchanged,2.0 Sodium + Uridine --> 2.0 Sodium + Uridine,['Extracellular Transport'],Extracellular Transport,['Extracellular Transport'],Extracellular Transport
VALTA,0.0325762222102904,8.581431429742398,263.42623077490055,Increased,2-Oxoglutarate + L-valine <==> 3-methyl-2-oxobutanoate + L-glutamate(1-),"['2-oxocarboxylic Acid Metabolism', 'Biosynthesis Of Amino Acids', 'Pantothenate And Coa Biosynthesis', 'Valine, Leucine And Isoleucine Biosynthesis', 'Valine, Leucine And Isoleucine Degradation']","2-oxocarboxylic Acid Metabolism; Biosynthesis Of Amino Acids; Pantothenate And Coa Biosynthesis; Valine, Leucine And Isoleucine Biosynthesis; Valine, Leucine And Isoleucine Degradation","['2-oxocarboxylic Acid Metabolism', 'AA other', 'Pantothenate And Coa Biosynthesis', 'BCAA metabolism (Val/Leu/Iso)']",2-oxocarboxylic Acid Metabolism; AA other; Pantothenate And Coa Biosynthesis; BCAA metabolism (Val/Leu/Iso)
VALTAm,0.0,-8.548855207531979,1000.0,On,2-Oxoglutarate + L-valine <==> 3-methyl-2-oxobutanoate + L-glutamate(1-),"['2-oxocarboxylic Acid Metabolism', 'Biosynthesis Of Amino Acids', 'Pantothenate And Coa Biosynthesis', 'Valine, Leucine And Isoleucine Biosynthesis', 'Valine, Leucine And Isoleucine Degradation']","2-oxocarboxylic Acid Metabolism; Biosynthesis Of Amino Acids; Pantothenate And Coa Biosynthesis; Valine, Leucine And Isoleucine Biosynthesis; Valine, Leucine And Isoleucine Degradation","['2-oxocarboxylic Acid Metabolism', 'AA other', 'Pantothenate And Coa Biosynthesis', 'BCAA metabolism (Val/Leu/Iso)']",2-oxocarboxylic Acid Metabolism; AA other; Pantothenate And Coa Biosynthesis; BCAA metabolism (Val/Leu/Iso)
VALt5m,0.0,-8.548855207531979,1000.0,On,L-valine <==> L-valine,"['Transport, Mitochondrial']","Transport, Mitochondrial",['Mitochondrial transport'],Mitochondrial transport
VALtec,0.05,0.0499999999999999,0.9999999999999979,Unchanged,L-Valine <==> L-valine,['Extracellular Transport'],Extracellular Transport,['Extracellular Transport'],Extracellular Transport
_DADNK,0.0006002829219179,0.0006002829219137,0.9999999999930034,Unchanged,ATP + Deoxyadenosine --> ADP + dAMP(2-) + proton,['Nucleotide Interconversion'],Nucleotide Interconversion,['Nucleotide metabolism'],Nucleotide metabolism
_DAGK_hs,-0.0080793622045595,-0.0080793622044901,0.9999999999914103,Unchanged,ATP + diglyceride <==> ADP + proton + phosphatidate(2-),['Glycerophospholipid Metabolism'],Glycerophospholipid Metabolism,['Lipid metabolism'],Lipid metabolism
_DAG_HSter,0.0,0.0003670301293981,1000.0,On,diglyceride --> diglyceride,"['Transport, Endoplasmic Reticulum']","Transport, Endoplasmic Reticulum","['Transport, Endoplasmic Reticulum']","Transport, Endoplasmic Reticulum"
_DASCBR,0.0429201296988309,0.0280378237411736,0.653255801832708,Decreased,dehydroascorbide(1-) + Nicotinamide adenine dinucleotide phosphate - reduced --> L-ascorbate + Nicotinamide adenine dinucleotide phosphate,['Vitamin C Metabolism'],Vitamin C Metabolism,['Vitamin C Metabolism'],Vitamin C Metabolism
_DCMPDA,0.0004327182319997,0.0004327182319964,0.9999999999923738,Unchanged,dCMP + Water + proton <==> dUMP + Ammonium,['Pyrimidine Catabolism'],Pyrimidine Catabolism,['Nucleotide metabolism'],Nucleotide metabolism
_DGAT,0.0001858647435664,0.0001858647435648,0.9999999999913917,Unchanged,R total 3 Coenzyme A + diglyceride --> Coenzyme A + triglyceride,['Triacylglycerol Synthesis'],Triacylglycerol Synthesis,['Lipid metabolism'],Lipid metabolism
_DGK1,-0.012248292795512,-0.0122482927951813,0.9999999999730004,Unchanged,ATP + dGMP <==> ADP + dGDP,['Nucleotide Interconversion'],Nucleotide Interconversion,['Nucleotide metabolism'],Nucleotide metabolism
_DHORD9,0.0026191544450261,0.0026191544447801,0.9999999999060766,Unchanged,(S)-dihydroorotate + ubiquinone-10 --> Orotate + Ubiquinol-10,['Pyrimidine Synthesis'],Pyrimidine Synthesis,['Nucleotide metabolism'],Nucleotide metabolism
_DHORTS,-0.0026191544450261,-0.0026191544447801,0.9999999999060766,Unchanged,(S)-dihydroorotate + Water <==> N-Carbamoyl-L-aspartate + proton,['Pyrimidine Synthesis'],Pyrimidine Synthesis,['Nucleotide metabolism'],Nucleotide metabolism
_DIDPtn,-0.0006002829219179,-0.0006002829219137,0.9999999999930034,Unchanged,dIDP <==> dIDP,"['Transport, Nuclear']","Transport, Nuclear","['Transport, Nuclear']","Transport, Nuclear"
_DITPtn,0.0006002829219179,0.0006002829219137,0.9999999999930034,Unchanged,dITP(4-) <==> dITP(4-),"['Transport, Nuclear']","Transport, Nuclear","['Transport, Nuclear']","Transport, Nuclear"
_DNDPt14m,0.0006002829220316,0.0006002829217991,0.9999999996126826,Unchanged,dTDP + dUDP --> dTDP + dUDP,"['Transport, Mitochondrial']","Transport, Mitochondrial",['Mitochondrial transport'],Mitochondrial transport
_DSAT,0.0003670301294012,0.0003670301293981,0.9999999999915539,Unchanged,R total Coenzyme A + sphinganine(1+) --> Coenzyme A + dihydroceramide + proton,['Sphingolipid Metabolism'],Sphingolipid Metabolism,['Lipid metabolism'],Lipid metabolism
_DTDPtn,0.0006002829219179,0.0006002829219128,0.9999999999915039,Unchanged,dTDP <==> dTDP,"['Transport, Nuclear']","Transport, Nuclear","['Transport, Nuclear']","Transport, Nuclear"
_DTTPtn,-0.0006002829219179,-0.0006002829219128,0.9999999999915039,Unchanged,dTTP <==> dTTP,"['Transport, Nuclear']","Transport, Nuclear","['Transport, Nuclear']","Transport, Nuclear"
_DURIK1,0.0116480098735942,0.0116480098732683,0.999999999972021,Unchanged,ATP + Deoxyuridine --> ADP + dUMP + proton,['Nucleotide Interconversion'],Nucleotide Interconversion,['Nucleotide metabolism'],Nucleotide metabolism
_DURIPP,-0.0116480098735942,-0.0116480098732683,0.999999999972021,Unchanged,Deoxyuridine + hydrogenphosphate <==> 2-Deoxy-D-ribose 1-phosphate + uracil,['Nucleotide Interconversion'],Nucleotide Interconversion,['Nucleotide metabolism'],Nucleotide metabolism
_DUTPDPm,0.0006002829218946,0.0006002829217112,0.9999999996944775,Unchanged,dUTP + Water --> dUMP + proton + Diphosphate,['Nucleotide Interconversion'],Nucleotide Interconversion,['Nucleotide metabolism'],Nucleotide metabolism
_LCAT1e,0.0045199074398141,0.0045199074397753,0.9999999999914156,Unchanged,Chsterol c + Phosphatidylcholine --> lysophosphatidylcholine + cholesterol ester,['Fatty Acid Degradation'],Fatty Acid Degradation,['Lipid metabolism'],Lipid metabolism
_LEUt4,0.0250978975690388,0.025097897568961,0.9999999999969001,Unchanged,L-Leucine + Sodium --> L-leucine + Sodium,['Extracellular Transport'],Extracellular Transport,['Extracellular Transport'],Extracellular Transport
_LPASE,0.0045199074398141,0.0045199074397753,0.9999999999914156,Unchanged,Water + lysophosphatidylcholine --> R total + sn-Glycero-3-phosphocholine + proton,['Glycerophospholipid Metabolism'],Glycerophospholipid Metabolism,['Lipid metabolism'],Lipid metabolism
_LPCHOLt,0.0045199074398141,0.0045199074397753,0.9999999999914156,Unchanged,lysophosphatidylcholine <==> lysophosphatidylcholine,['Extracellular Transport'],Extracellular Transport,['Extracellular Transport'],Extracellular Transport
_LYSt5r,0.060011552873629,0.0606118357951201,1.0100027893421648,Unchanged,L-lysinium(1+) --> L-lysinium(1+),['Extracellular Transport'],Extracellular Transport,['Extracellular Transport'],Extracellular Transport
_LYStm,0.0369027184926626,0.0369027184927639,1.0000000000027451,Unchanged,proton + L-lysinium(1+) <==> proton + L-lysinium(1+),"['Transport, Mitochondrial']","Transport, Mitochondrial",['Mitochondrial transport'],Mitochondrial transport
r0034,0.0,0.0026191544447801,1000.0,On,2.0 ATP + carbon dioxide + Water + Ammonium --> 2.0 ADP + Carbamoyl phosphate + 3.0 proton + hydrogenphosphate,"['Alanine, Aspartate And Glutamate Metabolism', 'Arginine Biosynthesis', 'Biosynthesis Of Amino Acids', 'Nitrogen Metabolism', 'Urea Cycle']","Alanine, Aspartate And Glutamate Metabolism; Arginine Biosynthesis; Biosynthesis Of Amino Acids; Nitrogen Metabolism; Urea Cycle","['AA other', 'Nitrogen disposal']",AA other; Nitrogen disposal
r0074,0.0,0.0006002829215696,1000.0,On,L-Glutamate 5-semialdehyde + Water + Nicotinamide adenine dinucleotide <==> L-glutamate(1-) + 2.0 proton + Nicotinamide adenine dinucleotide - reduced,"['Arginine And Proline Metabolism', 'Urea Cycle']",Arginine And Proline Metabolism; Urea Cycle,"['Arginine And Proline Metabolism', 'Nitrogen disposal']",Arginine And Proline Metabolism; Nitrogen disposal
r0130,0.05,0.05,1.0,Unchanged,Reduced glutathione + Water <==> L-cysteinylglycine + L-glutamate(1-),['Glutathione Metabolism'],Glutathione Metabolism,['Redox & Pentose Metabolism'],Redox & Pentose Metabolism
r0202c,-0.0042917999294853,-0.0042917999294484,0.9999999999914022,Unchanged,Glycerol 3-phosphate + Nicotinamide adenine dinucleotide <==> Dihydroxyacetone phosphate + proton + Nicotinamide adenine dinucleotide - reduced,['Glycerophospholipid Metabolism'],Glycerophospholipid Metabolism,['Lipid metabolism'],Lipid metabolism
r0226,0.0006002829222357,0.0006002829217112,0.9999999991262455,Unchanged,"7,8-Dihydrofolate + proton + Nicotinamide adenine dinucleotide phosphate - reduced --> Nicotinamide adenine dinucleotide phosphate + 5,6,7,8-Tetrahydrofolate",['Folate Metabolism'],Folate Metabolism,['Folate Metabolism'],Folate Metabolism
r0276,1.300202038079961,0.0010521587545891,0.0008092271229960905,Decreased,IMP + Nicotinamide adenine dinucleotide phosphate + Ammonium <==> GMP + 2.0 proton + Nicotinamide adenine dinucleotide phosphate - reduced,"['Nucleotide Metabolism', 'Purine Catabolism', 'Purine Metabolism']",Nucleotide Metabolism; Purine Catabolism; Purine Metabolism,"['Nucleotide metabolism', 'Purine Catabolism', 'Nitrogen disposal']",Nucleotide metabolism; Purine Catabolism; Nitrogen disposal
r0385,0.0325762222102904,0.0325762222104225,1.0000000000040552,Unchanged,3-methyl-2-oxobutanoate + proton + lipoamide --> S-(2-Methylpropanoyl)-dihydrolipoamide + carbon dioxide,"['Valine, Leucine And Isoleucine Biosynthesis']","Valine, Leucine And Isoleucine Biosynthesis",['BCAA metabolism (Val/Leu/Iso)'],BCAA metabolism (Val/Leu/Iso)
r0434,0.0,-0.0003670301293981,1000.0,On,L-Carnitine + Palmitoyl-CoA (n-C16:0CoA) <==> Coenzyme A + L-Palmitoylcarnitine,"['Fatty Acid Degradation', 'Fatty Acid Metabolism']",Fatty Acid Degradation; Fatty Acid Metabolism,['Lipid metabolism'],Lipid metabolism
r0450,0.0369027184926626,0.0369027184927639,1.0000000000027451,Unchanged,L-2-aminoadipate(1-) + 2-Oxoglutarate <==> 2-oxoadipate(2-) + L-glutamate(1-),"['2-oxocarboxylic Acid Metabolism', 'Biosynthesis Of Amino Acids', 'Lysine Biosynthesis', 'Lysine Degradation', 'Lysine Metabolism']",2-oxocarboxylic Acid Metabolism; Biosynthesis Of Amino Acids; Lysine Biosynthesis; Lysine Degradation; Lysine Metabolism,"['2-oxocarboxylic Acid Metabolism', 'AA other', 'Lysine Biosynthesis', 'Lysine Metabolism']",2-oxocarboxylic Acid Metabolism; AA other; Lysine Biosynthesis; Lysine Metabolism
r0475,0.0114804451835622,0.0114804451834656,0.9999999999915855,Unchanged,dUTP + Water + Oxidized thioredoxin <==> Reduced thioredoxin + UTP,['Nucleotide Interconversion'],Nucleotide Interconversion,['Nucleotide metabolism'],Nucleotide metabolism
r0509,1.4870853417081766,1.4115731117166677,0.949221320475952,Unchanged,ubiquinone-10 + Succinate --> Fumarate + Ubiquinol-10,['Citric Acid Cycle'],Citric Acid Cycle,['Central Energy Metabolism'],Central Energy Metabolism
r0525,0.0369027184926626,0.0369027184927639,1.0000000000027451,Unchanged,Water + Nicotinamide adenine dinucleotide + L-saccharopinate(1-) <==> L-allysine + L-glutamate(1-) + proton + Nicotinamide adenine dinucleotide - reduced,"['Lysine Degradation', 'Lysine Metabolism']",Lysine Degradation; Lysine Metabolism,"['AA other', 'Lysine Metabolism']",AA other; Lysine Metabolism
r0531,-0.0114804451835622,-0.0114804451834656,0.9999999999915855,Unchanged,Cytidine + dUTP <==> CMP + dUDP + proton,['Nucleotide Interconversion'],Nucleotide Interconversion,['Nucleotide metabolism'],Nucleotide metabolism
r0541,0.0369027184926626,0.0369027184927639,1.0000000000027451,Unchanged,glutaryl-CoA(5-) + proton + ubiquinone-10 <==> crotonoyl-CoA(4-) + carbon dioxide + Ubiquinol-10,['Tryptophan Metabolism'],Tryptophan Metabolism,['AAA metabolism (Trp/Phe/Tyr)'],AAA metabolism (Trp/Phe/Tyr)
r0552,-6.211663990426276,-9.940947853590268,1.6003679318314303,Increased,betaine aldehyde + Water + Nicotinamide adenine dinucleotide <==> glycine betaine + 2.0 proton + Nicotinamide adenine dinucleotide - reduced,"['Alanine, Aspartate And Glutamate Metabolism', 'Folate Metabolism', 'Glycine, Serine And Threonine Metabolism']","Alanine, Aspartate And Glutamate Metabolism; Folate Metabolism; Glycine, Serine And Threonine Metabolism","['AA other', 'Folate Metabolism']",AA other; Folate Metabolism
r0552m,3.5798529958566587,2.167434771544718,0.6054535686390806,Decreased,betaine aldehyde + Water + Nicotinamide adenine dinucleotide <==> glycine betaine + 2.0 proton + Nicotinamide adenine dinucleotide - reduced,"['Alanine, Aspartate And Glutamate Metabolism', 'Glycine, Serine And Threonine Metabolism']","Alanine, Aspartate And Glutamate Metabolism; Glycine, Serine And Threonine Metabolism",['AA other'],AA other
r0553,6.211663990426276,9.940947853590268,1.6003679318314303,Increased,betaine aldehyde + Water + Nicotinamide adenine dinucleotide phosphate <==> glycine betaine + 2.0 proton + Nicotinamide adenine dinucleotide phosphate - reduced,"['Alanine, Aspartate And Glutamate Metabolism', 'Folate Metabolism', 'Glycine, Serine And Threonine Metabolism']","Alanine, Aspartate And Glutamate Metabolism; Folate Metabolism; Glycine, Serine And Threonine Metabolism","['AA other', 'Folate Metabolism']",AA other; Folate Metabolism
r0553m,-3.579852995856659,-2.167434771544718,0.6054535686390805,Decreased,betaine aldehyde + Water + Nicotinamide adenine dinucleotide phosphate <==> glycine betaine + 2.0 proton + Nicotinamide adenine dinucleotide phosphate - reduced,"['Alanine, Aspartate And Glutamate Metabolism', 'Glycine, Serine And Threonine Metabolism']","Alanine, Aspartate And Glutamate Metabolism; Glycine, Serine And Threonine Metabolism",['AA other'],AA other
r0560,0.0325762222102904,0.0325762222104225,1.0000000000040552,Unchanged,isobutyryl-CoA(4-) + ubiquinone-10 --> 2-Methylprop-2-enoyl-CoA + Ubiquinol-10,"['Valine, Leucine And Isoleucine Biosynthesis']","Valine, Leucine And Isoleucine Biosynthesis",['BCAA metabolism (Val/Leu/Iso)'],BCAA metabolism (Val/Leu/Iso)
r0561,0.0325762222102904,0.0325762222104225,1.0000000000040552,Unchanged,S-(2-Methylpropanoyl)-dihydrolipoamide + Coenzyme A --> dihydrolipoamide + isobutyryl-CoA(4-),"['Valine, Leucine And Isoleucine Biosynthesis']","Valine, Leucine And Isoleucine Biosynthesis",['BCAA metabolism (Val/Leu/Iso)'],BCAA metabolism (Val/Leu/Iso)
r0594m,0.0369027184926626,0.0369027184927639,1.0000000000027451,Unchanged,L-allysine + Water + Nicotinamide adenine dinucleotide --> L-2-aminoadipate(1-) + 2.0 proton + Nicotinamide adenine dinucleotide - reduced,['Lysine Metabolism'],Lysine Metabolism,['Lysine Metabolism'],Lysine Metabolism
r0603,0.0409643356480033,0.0409643356480734,1.000000000001711,Unchanged,2-methylbutanoyl-CoA(4-) + ubiquinone-10 <==> 2-methylcrotonoyl-CoA(4-) + Ubiquinol-10,"['Valine, Leucine And Isoleucine Biosynthesis']","Valine, Leucine And Isoleucine Biosynthesis",['BCAA metabolism (Val/Leu/Iso)'],BCAA metabolism (Val/Leu/Iso)
r0604,0.0409643356480033,0.0409643356480734,1.000000000001711,Unchanged,S-(2-Methylbutanoyl)-dihydrolipoamide + Coenzyme A --> 2-methylbutanoyl-CoA(4-) + dihydrolipoamide,"['Valine, Leucine And Isoleucine Biosynthesis']","Valine, Leucine And Isoleucine Biosynthesis",['BCAA metabolism (Val/Leu/Iso)'],BCAA metabolism (Val/Leu/Iso)
r0647,-0.0067350714781537,-0.0067350714770891,0.9999999998419318,Unchanged,"Xanthurenic acid + Water <==> 4-(2-Amino-3-hydroxyphenyl)-2,4-dioxobutanoate",['Tryptophan Metabolism'],Tryptophan Metabolism,['AAA metabolism (Trp/Phe/Tyr)'],AAA metabolism (Trp/Phe/Tyr)
r0666,0.0033675357391337,0.0033675357385445,0.9999999998250352,Unchanged,ATP + 2-(Formamido)-N1-(5-phospho-D-ribosyl)acetamidine <==> ADP + 5-amino-1-(5-phospho-D-ribosyl)imidazole + 2.0 proton + hydrogenphosphate,['Purine Synthesis'],Purine Synthesis,['Nucleotide metabolism'],Nucleotide metabolism
r0670,0.0409643356480033,0.0409643356480734,1.000000000001711,Unchanged,3-methyl-2-oxopentanoate + proton + lipoamide --> S-(2-Methylbutanoyl)-dihydrolipoamide + carbon dioxide,"['Valine, Leucine And Isoleucine Biosynthesis']","Valine, Leucine And Isoleucine Biosynthesis",['BCAA metabolism (Val/Leu/Iso)'],BCAA metabolism (Val/Leu/Iso)
r0998,0.0,-0.0003670301293981,1000.0,On,L-Carnitine + L-Palmitoylcarnitine <==> L-Carnitine + Palmitoyl-CoA (n-C16:0CoA),"['Transport, Endoplasmic Reticulum']","Transport, Endoplasmic Reticulum","['Transport, Endoplasmic Reticulum']","Transport, Endoplasmic Reticulum"
r1030,0.0067350714781537,0.0067350714770891,0.9999999998419318,Unchanged,Xanthurenic acid <==> Xanthurenic acid,['Extracellular Transport'],Extracellular Transport,['Extracellular Transport'],Extracellular Transport
r1402,0.0004405390609252,0.0004405390609221,0.9999999999929632,Unchanged,"22.0 L-alanine + 12.0 L-argininium(1+) + 12.0 L-asparagine + 26.0 L-aspartate(1-) + 1400.0 ATP + 6.0 L-cysteine + 14.0 L-glutamine + 15.0 L-glutamate(1-) + 18.0 Glycine + 1400.0 Water + 9.0 L-histidine + 12.0 L-isoleucine + 39.0 L-leucine + 18.0 L-lysinium(1+) + 8.0 L-methionine + 20.0 L-phenylalanine + 15.0 L-proline + 31.0 L-serine + 25.0 L-Threonine + 7.0 L-tryptophan + 13.0 L-tyrosine + 28.0 L-valine --> 1050.0 ADP + 350.0 AMP + primed glycogenin (glycogenin-8[1,4-Glc]) + 1050.0 hydrogenphosphate + 350.0 Diphosphate",['Extracellular Transport'],Extracellular Transport,['Extracellular Transport'],Extracellular Transport
r1418c,-0.0671989118073889,-0.0645797573636898,0.9610238562909122,Unchanged,proton + Bicarbonate <==> carbon dioxide + Water,['Nitrogen Metabolism'],Nitrogen Metabolism,['Nitrogen disposal'],Nitrogen disposal
r1418m,-0.8718808956355049,-0.8341247806402833,0.956695788169895,Unchanged,proton + Bicarbonate <==> carbon dioxide + Water,['Nitrogen Metabolism'],Nitrogen Metabolism,['Nitrogen disposal'],Nitrogen disposal
r1464,-0.0369027184926626,-0.0369027184932394,1.0000000000156304,Unchanged,acetoacetate + pyruvate <==> acetoacetate + pyruvate,"['Transport, Mitochondrial']","Transport, Mitochondrial",['Mitochondrial transport'],Mitochondrial transport
