Pathway Group,"accoa_m, coa_m",glc__D_c,co2_m,ps_hs_m,hco3_c,"adp_c, atp_c","phe__L_c, phe__L_m, phpyr_c, phpyr_m, pro__L_m","akg_c, glu__L_c",pyr_c,ala__L_c,cbp_m,"adp_m, atp_m",val__L_m,3mob_m,nh4_m,val__L_c,3mob_c,"nadp_c, nadph_c",h_c,cbp_c,C02470_c,pi_c,pi_m,"gmp_m, imp_m","h_m, nadp_m, nadph_m",imp_c,nh4_c,gmp_c,pro__L_c
Energy metabolism,6.0,8.69937854965531,,,,,,,,,,,,,,,,,,,,,,,,,,,
Lipid metabolism,6.0,,6.0,6.0,,,,,,,,,,,,,,,,,,,,,,,,,
"AA central (Ala/Asp/Glu, Gly/Ser/Thr)",,,6.0,,-6.0,-6.0,-6.0,4.25989354567794,5.174906324289932,5.174906324289932,6.0,6.0,6.0,6.0,6.0,8.436425132691266,8.436425132691266,,,,,,,,,,,,
AA other,6.0,,6.0,,-6.0,-6.0,,-0.8094609822824417,5.174906324289932,5.587453162144966,6.0,6.0,,,,,,-6.0,-6.0,-6.0,-6.0,-6.0,6.0,,,,,,
BCAA metabolism (Val/Leu/Iso),,,,,,,,7.266493540660974,,,,,6.0,7.218212566345633,,8.436425132691266,8.436425132691266,,,,,,,,,,,,
Nucleotide metabolism,,,,,-6.0,,,,,,,,,,-9.886798125798249,,,-7.457185944589711,-4.997407985147119,,,,,-9.886798125798249,-9.886798125798302,-8.750228047482853,-6.0,-5.775121454741691,
Nitrogen disposal,,,6.0,,,,,,,,6.0,6.0,,,-1.9433990628991245,,,-6.0,,,,,6.0,-9.886798125798249,-9.886798125798249,-7.458369913520199,-6.0,-5.310702951443441,
Mitochondrial transport,,,,,,,-6.0,,,,6.0,,6.0,8.436425132691266,,6.0,8.436425132691266,,,6.0,,,,-9.886533604636986,,-9.886798125798249,,-9.886533604636986,-6.0
Extracellular Transport,,8.69937854965531,,6.0,,,,,,-1.8487101168962412,,,,,,,,,,,-6.0,-1.6598938686859253,,,,,-5.574887586822293,,-1.5962156485971835
