Pathway Group,"D-fructose 1,6-bisphosphate",Glc,HCO3-,L-threonine,L-Pro,NH4+,"Keto-phenylPyr, L-Phe",BCAA α-ketoacids,A-nucleotides,L-Glu,2-Oxoglutarate,L-Ala,Pyr,Pi,Carb-P,CO2,L-cystathionine,GuaniI-nucleotidesacetic acid,L-Val,H+,L-glutamine,H2O,I-nucleotides,"NADP+, NADP+ - reduced",G-nucleotides,Adenosine
Central Energy Metabolism,6.0,8.699378549652028,,,,,,,,,,,,,,,,,,,,,,,,
Redox & Pentose Metabolism,6.0,,,,,,,,,,,,,,,,,,,,,,,,,
"AA central (Ala/Asp/Glu, Gly/Ser/Thr)",,,-6.0,-6.0,-6.0,-3.0,-2.560216441439568,-0.7917489601056016,0.0,4.229843965339426,4.360959699061901,5.1575924416728265,5.1575924416728265,6.0,6.0,6.0,6.0,6.0,7.020627599735996,,,,,,,
AA other,,,-6.0,,,,,,0.0,4.313323482184014,4.374527482823671,5.1575924416728265,5.1575924416728265,0.0,0.0,6.0,6.0,,,-6.0,-6.0,0.0,,,,
BCAA metabolism (Val/Leu/Iso),,,,-6.0,,-6.0,,4.824753119683196,,6.43670242630688,6.43670242630688,,,,,,,,7.020627599735996,,,,,,,
Nucleotide metabolism,,,-6.0,,,-7.423722567933421,,,,,,,,,,,,,,-7.827384199614594,,,-9.513505217488449,-8.523323486266287,-7.530784673546562,-6.0
Nitrogen disposal,,,,,,-3.423722567933421,,,6.0,6.0,,,,6.0,6.0,6.0,,6.0,,0.5762774320665791,,6.0,-9.05709318697834,-8.135583851900131,-7.983855115613595,-6.0
Mitochondrial transport,,,,,-6.0,,-2.560216441439568,8.041255199471992,,,,,,6.0,6.0,,,,6.0,,,,-10.271167703800263,,-10.270887927395782,
Extracellular Transport,,8.699378549652028,,,-2.081929703669653,-10.327646413282011,,,,,,4.593245058179532,,-4.543938994384961,,,,,,,-3.029695456654723,,,,,
