group,tissue,final_wet_g,final_dry_g,initial_wet_g,initial_dry_g,delta_dry_g,growth_rate_g_h,growth_rate_mmol_h,mu_mmol_gDW_h
FG,liver,40,10,0.8,0.2,9.8,0.006481481481481482,0.05401234567901235,0.005401234567901235
FG,breast,420,96.60000000000001,4,0.92,95.68,0.06328042328042328,0.527336860670194,0.0054589737129419665
FG,leg,212,48.760000000000005,6,1.3800000000000001,47.38,0.031335978835978835,0.2611331569664903,0.0053554790190010314
SG,liver,30,7.5,0.8,0.2,7.3,0.004828042328042328,0.040233686067019395,0.005364491475602586
SG,breast,251,57.730000000000004,4,0.92,56.81,0.03757275132275133,0.3131062610229277,0.005423631751653
SG,leg,131,30.130000000000003,6,1.3800000000000001,28.750000000000004,0.019014550264550265,0.15845458553791889,0.005259030386256849
