Pathway Group,Gly,L-Cys,H2O,L-Glu,Acetyl-CoA pool,Ketone/FA-CoA,"CoA pool, NAD+, NAD+ - reduced",Ketone bodies,H+,L-Pro,Aminoadipate derivatives,CO2,Lys
Redox & Pentose Metabolism,2.0623140525600605,2.0623140525600605,4.03115702628003,4.03115702628003,,,,,,,,,
Lipid metabolism,,,2.21875474802062,,2.2187547480206193,2.21875474802062,2.21875474802062,5.243750949604124,5.243750949604125,,,,
"AA central (Ala/Asp/Glu, Gly/Ser/Thr)",,,,,,,,,,-6.0,2.21875474802062,,
AA other,,,2.2187547480206216,2.21875474802062,2.21875474802062,2.21875474802062,2.21875474802062,2.2187547480206193,2.2187547480206216,,2.21875474802062,2.21875474802062,2.2187547480206327
BCAA metabolism (Val/Leu/Iso),,,,,0.9230126630925319,2.21875474802062,,2.2187547480206193,,,,,
Nitrogen disposal,,,1.3537559269261406,,,,,,1.3537559269261406,,,1.3537559269261406,
Mitochondrial transport,,,,,,,,2.218754748020619,,-6.0,,,2.2187547480206327
Extracellular Transport,-6.0,6.0,,0.5671686270380514,,,,6.0,,-1.4496360717721442,,,0.6350567587494509
